_id,_projectid,_teacher_acctid,_schoolid,school_ncesid,school_latitude,school_longitude,school_city,school_state,school_zip,school_metro,school_district,school_county,school_charter,school_year_round,school_nlns,school_kipp,school_charter_ready_promise,teacher_prefix,teacher_teach_for_america,teacher_ny_teaching_fellow,primary_focus_subject,primary_focus_area,secondary_focus_subject,secondary_focus_area,resource_type,poverty_level,grade_level,vendor_shipping_charges,sales_tax,payment_processing_charges,fulfillment_labor_materials,total_price_excluding_optional_support,total_price_including_optional_support,students_reached,total_donations,num_donors,eligible_double_your_impact_match,eligible_almost_home_match,funding_status,date_posted,date_completed,date_thank_you_packet_mailed,date_expiration
ed87d61cef7fda668ae70be7e0c6cebf,1f4493b3d3fe4a611f3f4d21a249376a,1ae4695be589a36816188e2b301a0395,360007700585,40.765517000000000,-73.960090000000000,New York City,NY,10065,,New York City Dept Of Ed,New York (Manhattan),f,f,f,f,f,f,Ms.,f,f,Literacy,Literacy & Language,,,Books,highest poverty,Grades 9-12,,,,,125.00,152.44,0,137.00,1,f,f,completed,2002-09-13 00:00:00,2002-09-23 00:00:00,2003-01-03 00:00:00,2003-12-31 00:00:00
b56b502d25666e29550d107bf7e17910,57426949b47700ccf62098e1e9b0220c,4a06a328dd87bd29892d73310052f45f,360007702569,40.770233000000000,-73.950760000000000,New York City,NY,10075,,New York City Dept Of Ed,New York (Manhattan),f,t,f,f,f,f,Ms.,f,f,Early Development,Applied Learning,,,Supplies,moderate poverty,Grades 3-5,,,,,125.00,152.44,0,125.00,1,f,f,completed,2002-09-16 00:00:00,2002-09-19 00:00:00,2002-12-19 00:00:00,2003-12-31 00:00:00
016f03312995d5c89d6b348be4682166,9c0aa56b63b743454d6da9effcf122fc,bb0af5dac1b54693ba86ef63eacd6594,360007605617,40.727826000000000,-73.978721000000000,New York City,NY,10009,urban,New York City Dept Of Ed,New York (Manhattan),f,f,f,f,f,f,Ms.,f,f,History & Geography,History & Civics,,,Supplies,high poverty,Grades PreK-2,,,,,187.00,228.05,0,205.00,1,f,f,completed,2002-09-17 00:00:00,2002-09-17 00:00:00,2002-12-02 00:00:00,2003-12-31 00:00:00
cf6275558534ca1b276b0d8d5130dd9a,1d4d8a42730dbb66af1ebb6ab37456b7,768dab263f87881fe7c68ffb3965df7c,360008302472,40.841216000000000,-73.938605000000000,New York City,NY,10032,urban,New York City Dept Of Ed,New York (Manhattan),f,f,f,f,f,f,Ms.,t,f,Other,Applied Learning,,,Supplies,highest poverty,Grades PreK-2,,,,,240.00,292.68,0,264.00,1,f,f,completed,2002-09-17 00:00:00,2002-09-23 00:00:00,2003-02-26 00:00:00,2003-12-31 00:00:00
0b8a4f8eb1822ab6dd5cd9ffb918ece3,e5d28482308e2007992ae8b358b31bce,9bc7d4d92193a453669b6e2a56128e87,360007705560,40.701778000000000,-74.011840000000000,New York City,NY,10004,urban,Other,New York (Manhattan),f,f,f,f,f,f,Mr.,f,f,Economics,History & Civics,,,Technology,highest poverty,Grades 9-12,,,,,1129.00,1376.83,0,1241.00,1,f,f,completed,2002-09-17 00:00:00,2002-09-17 00:00:00,2003-12-18 00:00:00,2003-12-31 00:00:00
d25a7dd645bdfb4d702f177cef5e0d8e,0c2d4535f03991165dc72092840d672b,cabcc3ed826056c3969a8a99c5aeeaf6,360008502463,40.829224000000000,-73.856899000000000,New York City,NY,10472,urban,New York City Dept Of Ed,Bronx,f,f,f,f,f,f,Ms.,f,f,Literacy,Literacy & Language,,,Books,highest poverty,Grades 3-5,,,,,289.00,352.44,0,317.90,1,f,f,completed,2002-09-17 00:00:00,2002-12-09 00:00:00,2003-08-01 00:00:00,2003-12-31 00:00:00
0b9607c9d3deb8b493653ed4f998fc38,454840ad7f58f2486203f73ee78ea2d5,0fad38af2fb328dd01bd3cef38ed42f2,360008102489,40.809677000000000,-73.939178000000000,New York City,NY,10037,urban,New York City Dept Of Ed,New York (Manhattan),f,f,f,f,f,f,Ms.,f,f,Environmental Science,Math & Science,,,Supplies,highest poverty,Grades PreK-2,,,,,231.00,281.71,0,254.00,1,f,f,completed,2002-09-17 00:00:00,2002-09-23 00:00:00,2003-07-14 00:00:00,2003-12-31 00:00:00
e24d8bb3d268a7c837077fa07c153063,0c2d4535f03991165dc72092840d672b,cabcc3ed826056c3969a8a99c5aeeaf6,360008502463,40.829224000000000,-73.856899000000000,New York City,NY,10472,urban,New York City Dept Of Ed,Bronx,f,f,f,f,f,f,Ms.,f,f,Literacy,Literacy & Language,,,Books,highest poverty,Grades 3-5,,,,,348.70,425.24,0,0.00,0,f,f,completed,2002-09-17 00:00:00,2002-09-23 00:00:00,2003-08-04 00:00:00,2003-05-17 00:00:00
0d97d7543a766a07b3acf2c732844e85,d41b22314bd46c30150e50c4c78bc128,9bd4079c3ace16b8059eda8a42ce79fb,,40.802662000000000,-73.948097000000000,New York City,NY,10026,,Other,New York (Manhattan),f,f,f,f,f,f,Ms.,f,f,Literacy,Literacy & Language,,,Supplies,highest poverty,Grades PreK-2,,,,,456.00,556.10,0,0.00,0,f,f,completed,2002-09-17 00:00:00,2002-09-23 00:00:00,2003-05-12 00:00:00,2003-12-31 00:00:00
eb886a0ef1f498eb88f774947d3d02d7,b55921c6a3999b1f63e6ef69966b79aa,993e6202ffb7607f9b9ce616dd29140c,360009100867,40.697353000000000,-73.984512000000000,New York City,NY,11201,urban,New York City Dept Of Ed,Kings (Brooklyn),f,t,f,f,f,f,Mrs.,f,f,History & Geography,History & Civics,,,Other,highest poverty,Grades 9-12,,,,,525.00,640.24,0,577.00,1,f,f,completed,2002-09-17 00:00:00,2002-09-17 00:00:00,2002-12-03 00:00:00,2003-12-31 00:00:00
182f1734c1c6ec13d5544c17cfe838ec,0c2d4535f03991165dc72092840d672b,cabcc3ed826056c3969a8a99c5aeeaf6,360008502463,40.829224000000000,-73.856899000000000,New York City,NY,10472,urban,New York City Dept Of Ed,Bronx,f,f,f,f,f,f,Ms.,f,f,Literacy,Literacy & Language,,,Books,highest poverty,Grades 3-5,,,,,330.00,402.44,0,363.00,1,f,f,completed,2002-09-17 00:00:00,2002-12-16 00:00:00,2004-01-28 00:00:00,2003-12-31 00:00:00
25afa366264801de896a9cdea0e64ae2,c0ff926aa5705245f70073bc7469e038,b5999531e0c1bb628ace29f3bd892e7c,360008302485,40.850571000000000,-73.933990000000000,New York City,NY,10033,urban,New York City Dept Of Ed,New York (Manhattan),f,f,f,f,f,f,Ms.,t,f,Early Development,Applied Learning,,,Supplies,highest poverty,Grades 3-5,,,,,390.00,475.61,0,390.00,1,f,f,completed,2002-09-17 00:00:00,2002-10-03 00:00:00,2003-02-26 00:00:00,2003-12-31 00:00:00
2baeda61bab17a9ffdb5652e9c43512b,0c2d4535f03991165dc72092840d672b,cabcc3ed826056c3969a8a99c5aeeaf6,360008502463,40.829224000000000,-73.856899000000000,New York City,NY,10472,urban,New York City Dept Of Ed,Bronx,f,f,f,f,f,f,Ms.,f,f,Literacy,Literacy & Language,,,Books,highest poverty,Grades 3-5,,,,,462.00,563.41,0,508.20,1,f,f,completed,2002-09-17 00:00:00,2003-01-22 00:00:00,2003-08-11 00:00:00,2003-12-31 00:00:00
373107de43223f012a3b66ae409e8c32,0c2d4535f03991165dc72092840d672b,cabcc3ed826056c3969a8a99c5aeeaf6,360008502463,40.829224000000000,-73.856899000000000,New York City,NY,10472,urban,New York City Dept Of Ed,Bronx,f,f,f,f,f,f,Ms.,f,f,Literacy,Literacy & Language,,,Books,highest poverty,Grades 3-5,,,,,258.75,315.55,0,298.00,1,f,f,completed,2002-09-17 00:00:00,2003-04-24 00:00:00,2004-01-28 00:00:00,2003-12-31 00:00:00
3a88a47f97bd0c9b7c6a745bcd831ce3,7a20087fac86232883537cab45c0a6c9,66d08b506d2f3c30dec9e6fdb03cc279,360012202592,40.729763000000000,-73.816925000000000,New York City,NY,11367,urban,New York City Dept Of Ed,Queens,f,f,f,f,f,f,Ms.,f,f,Health & Life Science,Math & Science,,,Trips,highest poverty,Grades 3-5,,,,,1835.00,2237.80,0,2110.00,1,f,f,completed,2002-09-17 00:00:00,2003-03-17 00:00:00,2004-06-14 00:00:00,2003-12-31 00:00:00
3b5f4ae59d96f719dec6e72f1d10bd28,6504d611038542e638f54899caf35993,9ce97ca91e28b8493e9a911058f7dc24,360007803622,40.791460000000000,-73.970552000000000,New York City,NY,10025,urban,New York City Dept Of Ed,New York (Manhattan),f,f,f,f,f,f,Mr.,f,f,Literacy,Literacy & Language,,,Books,moderate poverty,Grades 6-8,,,,,309.00,376.83,0,313.09,2,f,f,completed,2002-09-17 00:00:00,2002-12-17 00:00:00,2003-02-26 00:00:00,2003-12-31 00:00:00
4338725801f6ce84e1d10b912ad21d91,b218f64064e174657336d229e2231962,52835c082f36edc0c90aff0c11a2e9b3,360007902605,40.792306000000000,-73.952037000000000,New York City,NY,10029,urban,New York City Dept Of Ed,New York (Manhattan),f,f,f,f,f,f,Ms.,f,f,Literature & Writing,Literacy & Language,,,Books,highest poverty,Grades 3-5,,,,,705.00,859.76,0,772.50,3,f,f,completed,2002-09-17 00:00:00,2002-10-03 00:00:00,2003-08-08 00:00:00,2003-12-31 00:00:00
45235cb116b3b35cd86d1c3a63961d7d,214d75bd0e6ce3e7085278ddd8f26daa,f7f12dee0009e6f9afa301bcca9d5070,,40.815018000000000,-73.856094000000000,New York City,NY,10473,urban,Leadership Learning Support Organization,Bronx,f,f,f,f,f,f,Ms.,t,f,Mathematics,Math & Science,,,Technology,highest poverty,Grades 6-8,,,,,83.00,101.22,0,83.00,1,f,f,completed,2002-09-17 00:00:00,2002-09-17 00:00:00,2004-01-28 00:00:00,2003-12-31 00:00:00
5821ee8eaab15a3bef73f118188c9505,6ace63f88c1e30fa52e57a6ea1999ecd,6f0382325857ae3469d04800c470c509,,40.753002000000000,-73.992409000000000,New York City,NY,10018,,,New York (Manhattan),f,f,f,f,f,f,Mrs.,f,f,Music,Music & The Arts,,,Supplies,low poverty,Grades PreK-2,,,,,291.00,354.88,0,320.00,1,f,f,completed,2002-09-17 00:00:00,2002-09-19 00:00:00,2002-11-19 00:00:00,2003-12-31 00:00:00
6ba3b9d6d88a79dfa1acf5f3fcfa3776,0bebe562cdbcf7b14a1dd5f9793a7fd4,5307fce11b85e6ca6618448b1a3a075d,360008501979,40.823649000000000,-73.859879000000000,New York City,NY,10473,urban,New York City Dept Of Ed,Bronx,f,f,f,f,f,f,Ms.,f,f,Mathematics,Math & Science,,,Books,highest poverty,Grades 3-5,,,,,243.00,296.34,0,267.30,1,f,f,completed,2002-09-17 00:00:00,2002-09-23 00:00:00,2003-08-24 00:00:00,2003-12-31 00:00:00
702ef0896a72c258affa87e67b3462ef,e11a44441e604753223fb83ed1e5ef22,7e6d4e9ce212bbcc7ca208c3779095be,360010302216,40.620422000000000,-74.080750000000000,New York City,NY,10304,urban,New York City Dept Of Ed,Richmond (Staten Island),f,f,f,f,f,f,Mr.,f,f,History & Geography,History & Civics,,,Technology,highest poverty,Grades 6-8,,,,,331.00,403.66,0,364.10,1,f,f,completed,2002-09-17 00:00:00,2002-11-05 00:00:00,2003-08-20 00:00:00,2003-12-31 00:00:00
738da8a7dfd933a291bbc5d03949794a,0c2d4535f03991165dc72092840d672b,cabcc3ed826056c3969a8a99c5aeeaf6,360008502463,40.829224000000000,-73.856899000000000,New York City,NY,10472,urban,New York City Dept Of Ed,Bronx,f,f,f,f,f,f,Ms.,f,f,Literacy,Literacy & Language,,,Books,highest poverty,Grades 3-5,,,,,278.00,339.02,0,278.00,1,f,f,completed,2002-09-17 00:00:00,2002-09-17 00:00:00,2003-01-30 00:00:00,2003-12-31 00:00:00
77e3b131ee90f011f937110e8e8e9cf4,b218f64064e174657336d229e2231962,52835c082f36edc0c90aff0c11a2e9b3,360007902605,40.792306000000000,-73.952037000000000,New York City,NY,10029,urban,New York City Dept Of Ed,New York (Manhattan),f,f,f,f,f,f,Ms.,f,f,Other,Applied Learning,,,Supplies,highest poverty,Grades 3-5,,,,,819.00,998.78,0,900.90,1,f,f,completed,2002-09-17 00:00:00,2003-01-28 00:00:00,2004-01-30 00:00:00,2003-12-31 00:00:00
7844d34a23f05c7836c1ea64355cd851,982142b095e3df0ddebc12384e464b49,cabcc3ed826056c3969a8a99c5aeeaf6,360008502463,40.829224000000000,-73.856899000000000,New York City,NY,10472,urban,New York City Dept Of Ed,Bronx,f,f,f,f,f,f,Ms.,f,f,Literacy,Literacy & Language,,,Books,highest poverty,Grades 6-8,,,,,864.00,1053.66,0,0.00,0,f,f,completed,2002-09-17 00:00:00,2002-09-23 00:00:00,2003-01-03 00:00:00,2003-12-31 00:00:00
875534be2b101957c5083af745f68d50,84fd42b69d0db5710f09905939b366fe,5e4af81adba8db885dc6879c34cd5a57,360008602232,40.832818000000000,-73.911691000000000,New York City,NY,10456,urban,New York City Dept Of Ed,Bronx,f,f,f,f,f,f,Ms.,f,f,Literacy,Literacy & Language,,,Technology,moderate poverty,Grades PreK-2,,,,,340.00,414.63,0,374.00,1,f,f,completed,2002-09-17 00:00:00,2002-09-17 00:00:00,2003-01-03 00:00:00,2003-12-31 00:00:00
912e8cd1a736d2653db1fa91437a95af,0c2d4535f03991165dc72092840d672b,cabcc3ed826056c3969a8a99c5aeeaf6,360008502463,40.829224000000000,-73.856899000000000,New York City,NY,10472,urban,New York City Dept Of Ed,Bronx,f,f,f,f,f,f,Ms.,f,f,Literacy,Literacy & Language,,,Books,highest poverty,Grades 3-5,,,,,346.00,421.95,0,380.60,1,f,f,completed,2002-09-17 00:00:00,2002-12-16 00:00:00,2003-08-01 00:00:00,2003-12-31 00:00:00
97b50c1fef7c22945f16571f5ac5e562,0c2d4535f03991165dc72092840d672b,cabcc3ed826056c3969a8a99c5aeeaf6,360008502463,40.829224000000000,-73.856899000000000,New York City,NY,10472,urban,New York City Dept Of Ed,Bronx,f,f,f,f,f,f,Ms.,f,f,Literacy,Literacy & Language,,,Books,highest poverty,Grades 3-5,,,,,334.00,407.32,0,367.40,1,f,f,completed,2002-09-17 00:00:00,2002-12-16 00:00:00,2004-01-28 00:00:00,2003-12-31 00:00:00
9caf2d27a918a9769bb1f4e345416f4b,0c2d4535f03991165dc72092840d672b,cabcc3ed826056c3969a8a99c5aeeaf6,360008502463,40.829224000000000,-73.856899000000000,New York City,NY,10472,urban,New York City Dept Of Ed,Bronx,f,f,f,f,f,f,Ms.,f,f,Literacy,Literacy & Language,,,Books,highest poverty,Grades PreK-2,,,,,146.00,178.05,0,146.00,1,f,f,completed,2002-09-17 00:00:00,2002-12-16 00:00:00,2004-01-28 00:00:00,2003-12-31 00:00:00
a2b95aabc7e8518b58815d6855da95f2,6ace63f88c1e30fa52e57a6ea1999ecd,6f0382325857ae3469d04800c470c509,,40.753002000000000,-73.992409000000000,New York City,NY,10018,,,New York (Manhattan),f,f,f,f,f,f,Mrs.,f,f,Early Development,Applied Learning,,,Supplies,low poverty,Grades PreK-2,,,,,413.00,503.66,0,454.30,1,f,f,completed,2002-09-17 00:00:00,2002-09-23 00:00:00,2002-11-19 00:00:00,2003-12-31 00:00:00
afdb477cc1ecfdce9996f3c122718732,e11a44441e604753223fb83ed1e5ef22,7e6d4e9ce212bbcc7ca208c3779095be,360010302216,40.620422000000000,-74.080750000000000,New York City,NY,10304,urban,New York City Dept Of Ed,Richmond (Staten Island),f,f,f,f,f,f,Mr.,f,f,History & Geography,History & Civics,,,Technology,highest poverty,Grades 6-8,,,,,125.00,152.44,0,137.50,1,f,f,completed,2002-09-17 00:00:00,2002-09-23 00:00:00,2002-12-16 00:00:00,2003-12-31 00:00:00
b0c7d8044cb170d9769079b5b2984538,f345f1ff1b7e98ce3d4bf67b2517eddc,74069ee85f6d41fd039befcb64107b5f,360008604459,40.843352000000000,-73.920440000000000,New York City,NY,10452,urban,New York City Dept Of Ed,Bronx,f,f,f,f,f,f,Mrs.,f,f,Literacy,Literacy & Language,,,Supplies,highest poverty,Grades PreK-2,,,,,120.00,146.34,0,132.00,1,f,f,completed,2002-09-17 00:00:00,2002-09-19 00:00:00,2003-07-17 00:00:00,2003-12-31 00:00:00
6c245532a3b0f171793002d4715cf9e1,9f68abe6a2efc88a18a0349833b5abd1,45e7ddbdd7023f1eb65a6cc028d7414f,360009001332,40.841691000000000,-73.875457000000000,New York City,NY,10460,urban,New York City Dept Of Ed,Bronx,f,f,f,f,f,f,Ms.,f,f,Visual Arts,Music & The Arts,,,Books,highest poverty,Grades 9-12,,,,,1322.00,1612.20,0,1559.00,1,f,f,completed,2002-09-18 00:00:00,2004-02-09 00:00:00,2004-08-10 00:00:00,2004-12-31 00:00:00
7674ea1a4ce47c33a1e6cc91aa95798f,1721969ce0202a333c659611021b59e9,25a6916107edd02ef794718deda02ba2,360011902467,40.719657000000000,-73.948446000000000,New York City,NY,11222,urban,New York City Dept Of Ed,Kings (Brooklyn),f,t,f,f,f,f,Ms.,t,f,Literacy,Literacy & Language,,,Supplies,highest poverty,Grades 6-8,,,,,1200.00,1463.41,0,690.91,2,f,f,completed,2002-09-18 00:00:00,2002-09-19 00:00:00,2003-01-06 00:00:00,2003-12-31 00:00:00
b7a3a77b78dd04e630302fab34cefd3b,22f9173bddc8020f1a9ce1d2778a441e,0fad38af2fb328dd01bd3cef38ed42f2,360008102489,40.809677000000000,-73.939178000000000,New York City,NY,10037,urban,New York City Dept Of Ed,New York (Manhattan),f,f,f,f,f,f,Mr.,f,f,Literature & Writing,Literacy & Language,,,Books,highest poverty,Grades PreK-2,,,,,329.00,401.22,0,361.90,1,f,f,completed,2002-09-19 00:00:00,2002-11-05 00:00:00,2002-12-20 00:00:00,2003-12-31 00:00:00
0050d3ad7f0808990a8dabf7c1361e10,99c2f2cbae7c3ff11f5f19802a8da666,2282e2d44a998c223a53d8bb9de7f182,360015302854,40.596461000000000,-73.928934000000000,New York City,NY,11229,urban,New York City Dept Of Ed,Kings (Brooklyn),f,t,f,f,f,f,Ms.,f,f,Literacy,Literacy & Language,,,Supplies,high poverty,Grades 3-5,,,,,570.00,695.12,0,570.00,2,f,f,completed,2002-09-19 00:00:00,2002-09-19 00:00:00,2003-05-26 00:00:00,2003-12-31 00:00:00
b81474ac68d6b7fa20cfd4b7a49a9158,0bebe562cdbcf7b14a1dd5f9793a7fd4,5307fce11b85e6ca6618448b1a3a075d,360008501979,40.823649000000000,-73.859879000000000,New York City,NY,10473,urban,New York City Dept Of Ed,Bronx,f,f,f,f,f,f,Ms.,f,f,Health & Life Science,Math & Science,,,Supplies,highest poverty,Grades 3-5,,,,,212.00,258.54,0,233.20,1,f,f,completed,2002-09-19 00:00:00,2002-09-23 00:00:00,2003-08-24 00:00:00,2003-12-31 00:00:00
02f1dc703bf33b84408e7913a09d101c,35e24c6b1f956a3ee72ecee1d304a4eb,8474659db4ef6cb7b9c1abab8e9378b9,360015302769,40.604385000000000,-73.955693000000000,New York City,NY,11229,urban,New York City Dept Of Ed,Kings (Brooklyn),f,t,f,f,f,f,Mrs.,f,f,Visual Arts,Music & The Arts,,,Supplies,highest poverty,Grades PreK-2,,,,,250.00,304.88,0,250.00,1,f,f,completed,2002-09-19 00:00:00,2002-09-19 00:00:00,2002-09-19 00:00:00,2003-12-31 00:00:00
bd18a7315512f4875ab448b808c20ca4,e49da3024557975acd92ded003f8be9b,14349e3143014e8607d85ebf84ac1208,360007700692,40.709234000000000,-74.012177000000000,New York City,NY,10006,urban,New York City Dept Of Ed,New York (Manhattan),f,f,f,f,f,f,Ms.,f,f,Other,Applied Learning,,,Supplies,highest poverty,Grades 9-12,,,,,443.00,540.24,0,473.87,3,f,f,completed,2002-09-19 00:00:00,2003-01-16 00:00:00,2003-04-22 00:00:00,2003-12-31 00:00:00
02fa919306d0a181ed20888cca81f825,e3751e935d13de6b37864194955d1548,aab7207b58c29df564e721b9bff5f4d9,360012104886,40.666550000000000,-73.911084000000000,New York City,NY,11212,urban,New York City Dept Of Ed,Kings (Brooklyn),f,f,f,f,f,f,Ms.,f,f,Literacy,Literacy & Language,,,Books,highest poverty,Grades PreK-2,,,,,388.00,473.17,0,426.00,1,f,f,completed,2002-09-19 00:00:00,2002-09-19 00:00:00,2002-12-16 00:00:00,2003-12-31 00:00:00
be8f93350002fb698c6c9456575d4aa9,0a70eab3ae2379be269eb8b0cb24a5ac,41617f10203b70d123f0ce1b3f163e9e,360008601986,40.828574000000000,-73.917727000000000,New York City,NY,10456,urban,New York City Dept Of Ed,Bronx,f,f,f,f,f,f,Ms.,t,f,College & Career Prep,Applied Learning,,,Books,highest poverty,Grades 6-8,,,,,978.00,1192.68,0,978.00,2,f,f,completed,2002-09-19 00:00:00,2002-09-19 00:00:00,2002-12-18 00:00:00,2003-12-31 00:00:00
07ed7cebb18a0df4a65014910bb50c40,ebb627d0f8c3689423a23038203cb64f,404b04de35ab895c49c1bf504b76c8a2,360015705846,40.656298000000000,-73.951604000000000,New York City,NY,11226,urban,Charter School District,Kings (Brooklyn),t,f,f,f,f,f,Ms.,t,f,History & Geography,History & Civics,,,Supplies,highest poverty,Grades 3-5,,,,,210.00,256.10,0,231.00,1,f,f,completed,2002-09-19 00:00:00,2002-09-19 00:00:00,2002-09-19 00:00:00,2003-12-31 00:00:00
c2f625d4608f3639c8637f385568c04e,ebb627d0f8c3689423a23038203cb64f,404b04de35ab895c49c1bf504b76c8a2,360015705846,40.656298000000000,-73.951604000000000,New York City,NY,11226,urban,Charter School District,Kings (Brooklyn),t,f,f,f,f,f,Ms.,t,f,Literacy,Literacy & Language,,,Books,highest poverty,Grades 3-5,,,,,546.00,665.85,0,600.00,1,f,f,completed,2002-09-19 00:00:00,2002-09-19 00:00:00,2003-02-05 00:00:00,2003-12-31 00:00:00
08ae52f9f0ec41c871f2cc9c764c1087,84fd42b69d0db5710f09905939b366fe,5e4af81adba8db885dc6879c34cd5a57,360008602232,40.832818000000000,-73.911691000000000,New York City,NY,10456,urban,New York City Dept Of Ed,Bronx,f,f,f,f,f,f,Ms.,f,f,Music,Music & The Arts,,,Technology,moderate poverty,Grades PreK-2,,,,,54.00,65.85,0,54.00,1,f,f,completed,2002-09-19 00:00:00,2002-09-19 00:00:00,2002-09-19 00:00:00,2003-12-31 00:00:00
cb1178103d0cc7534de2ab565df3308d,8860560acb3b3344b0c542a2405c2a41,ba54e9bfc11ea8b99c6b6517e3121101,360009104523,40.688519000000000,-73.971131000000000,New York City,NY,11205,urban,New York City Dept Of Ed,Kings (Brooklyn),f,t,f,t,f,f,Ms.,f,f,Literacy,Literacy & Language,,,Books,highest poverty,Grades 6-8,,,,,1162.00,1417.07,0,1278.00,1,f,f,completed,2002-09-19 00:00:00,2002-09-19 00:00:00,2003-04-07 00:00:00,2003-12-31 00:00:00
0a5c1ae0fa84f429e4d9ced094c8da9a,658d734ecda2565fc33ab7f1e8da7435,e292eb8cc227208fe22952bdbaa27963,360010302113,40.624836000000000,-74.150597000000000,New York City,NY,10303,urban,New York City Dept Of Ed,Richmond (Staten Island),f,f,f,f,f,f,Ms.,f,f,Environmental Science,Math & Science,,,Trips,highest poverty,Grades PreK-2,,,,,120.00,146.34,0,200.00,2,f,f,completed,2002-09-19 00:00:00,2002-09-23 00:00:00,2003-05-02 00:00:00,2003-12-31 00:00:00
cbe2825a0a235c536d6bd2670758bda0,1aacfb91eb392114236f0c38fa44f27b,cabcc3ed826056c3969a8a99c5aeeaf6,360008502463,40.829224000000000,-73.856899000000000,New York City,NY,10472,urban,New York City Dept Of Ed,Bronx,f,f,f,f,f,f,Mrs.,f,f,Literacy,Literacy & Language,,,Books,highest poverty,Grades 6-8,,,,,812.00,990.24,0,500.00,1,f,f,completed,2002-09-19 00:00:00,2002-10-03 00:00:00,2003-02-10 00:00:00,2003-12-31 00:00:00
0ccf7ea48105794c395ab3c7a69138ad,ebb627d0f8c3689423a23038203cb64f,404b04de35ab895c49c1bf504b76c8a2,360015705846,40.656298000000000,-73.951604000000000,New York City,NY,11226,urban,Charter School District,Kings (Brooklyn),t,f,f,f,f,f,Ms.,t,f,Literature & Writing,Literacy & Language,,,Books,highest poverty,Grades 3-5,,,,,460.00,560.98,0,0.00,0,f,f,completed,2002-09-19 00:00:00,2002-09-19 00:00:00,2004-01-28 00:00:00,2003-12-31 00:00:00
cd41f7de2a4b86ca067fa21ebe9db1c9,45e1452f59984df7a9325fee0ae9f89e,989ada03d8e37eb0172b0ff23a1b2d91,360008603764,40.849148000000000,-73.915939000000000,New York City,NY,10453,urban,New York City Dept Of Ed,Bronx,f,f,f,f,f,f,Mr.,t,f,Other,Applied Learning,,,Other,highest poverty,Grades PreK-2,,,,,0.00,0.00,0,0.00,0,f,f,expired,2002-09-19 00:00:00,,,2003-05-19 00:00:00
0dbaa7ed43f30640d99a1d95b7696a64,1aacfb91eb392114236f0c38fa44f27b,cabcc3ed826056c3969a8a99c5aeeaf6,360008502463,40.829224000000000,-73.856899000000000,New York City,NY,10472,urban,New York City Dept Of Ed,Bronx,f,f,f,f,f,f,Mrs.,f,f,Visual Arts,Music & The Arts,,,Supplies,highest poverty,Grades 6-8,,,,,273.00,332.93,0,285.00,2,f,f,completed,2002-09-19 00:00:00,2002-09-19 00:00:00,2003-02-26 00:00:00,2003-12-31 00:00:00
ce26493c4d9ed4004b73fe6c97be3651,1aacfb91eb392114236f0c38fa44f27b,cabcc3ed826056c3969a8a99c5aeeaf6,360008502463,40.829224000000000,-73.856899000000000,New York City,NY,10472,urban,New York City Dept Of Ed,Bronx,f,f,f,f,f,f,Mrs.,f,f,Literature & Writing,Literacy & Language,,,Books,highest poverty,Grades 6-8,,,,,253.00,308.54,0,253.00,3,f,f,completed,2002-09-19 00:00:00,2002-09-19 00:00:00,2002-12-10 00:00:00,2003-12-31 00:00:00
12561c981438681dad3c88c6b3135543,c7d000a93e3bd97624df1c420533a713,5e4af81adba8db885dc6879c34cd5a57,360008602232,40.832818000000000,-73.911691000000000,New York City,NY,10456,urban,New York City Dept Of Ed,Bronx,f,f,f,f,f,f,Ms.,f,f,Other,Applied Learning,,,Technology,moderate poverty,Grades PreK-2,,,,,1031.08,1257.41,0,1099.84,2,f,f,completed,2002-09-19 00:00:00,2002-09-23 00:00:00,2003-02-13 00:00:00,2003-12-31 00:00:00
d11078ae3c97d7da47b19b22d39d8d33,2b6e71f317239196729820f00b90bbac,39ddbff0638271cd2eb7793af1c91237,360008105117,40.814840000000000,-73.945051000000000,New York City,NY,10030,urban,New York City Dept Of Ed,New York (Manhattan),f,f,f,f,f,f,Ms.,t,f,Literacy,Literacy & Language,,,Supplies,highest poverty,Grades PreK-2,,,,,54.00,65.85,0,59.00,1,f,f,completed,2002-09-19 00:00:00,2002-09-19 00:00:00,2002-09-19 00:00:00,2003-12-31 00:00:00
128e8542986bf571d509a1cd46cba1e9,1f4493b3d3fe4a611f3f4d21a249376a,1ae4695be589a36816188e2b301a0395,360007700585,40.765517000000000,-73.960090000000000,New York City,NY,10065,,New York City Dept Of Ed,New York (Manhattan),f,f,f,f,f,f,Ms.,f,f,Literacy,Literacy & Language,,,Books,highest poverty,Grades 9-12,,,,,1610.00,1963.41,0,1610.00,1,f,f,completed,2002-09-19 00:00:00,2002-09-19 00:00:00,2003-01-03 00:00:00,2003-12-31 00:00:00
d3b401eb09fc7ee4efdbfa87986b4f30,b82e7411d87409afb2fc39a6174157c6,39ddbff0638271cd2eb7793af1c91237,360008105117,40.814840000000000,-73.945051000000000,New York City,NY,10030,urban,New York City Dept Of Ed,New York (Manhattan),f,f,f,f,f,f,Ms.,f,f,Parent Involvement,Applied Learning,,,Books,highest poverty,Grades PreK-2,,,,,454.00,553.66,0,500.00,1,f,f,completed,2002-09-19 00:00:00,2003-04-18 00:00:00,2003-07-16 00:00:00,2003-12-31 00:00:00
15f6fbbd115083517aa54b82e80a13c4,df8cde3ab0432f4c62fb7cdf096362eb,1615e71d5ed5e1f2dd4856b2668e35a3,360008502456,40.825351000000000,-73.873787000000000,New York City,NY,10472,urban,New York City Dept Of Ed,Bronx,f,f,f,f,f,f,Ms.,t,f,Literature & Writing,Literacy & Language,,,Supplies,highest poverty,Grades PreK-2,,,,,76.00,92.68,0,83.00,1,f,f,completed,2002-09-19 00:00:00,2002-09-19 00:00:00,2002-09-19 00:00:00,2003-12-31 00:00:00
d41ddc9f4fb989243b6d229788a67594,8f8cdb340d839d9b104b046b4973a8ee,cabcc3ed826056c3969a8a99c5aeeaf6,360008502463,40.829224000000000,-73.856899000000000,New York City,NY,10472,urban,New York City Dept Of Ed,Bronx,f,f,f,f,f,f,Ms.,f,f,Literacy,Literacy & Language,,,Supplies,highest poverty,Grades 6-8,,,,,68.00,82.93,0,74.00,1,f,f,completed,2002-09-19 00:00:00,2002-09-19 00:00:00,2002-09-19 00:00:00,2003-12-31 00:00:00
1b2f72a56a5beeaa0da1a5ae728e9f1d,0c2d4535f03991165dc72092840d672b,cabcc3ed826056c3969a8a99c5aeeaf6,360008502463,40.829224000000000,-73.856899000000000,New York City,NY,10472,urban,New York City Dept Of Ed,Bronx,f,f,f,f,f,f,Ms.,f,f,Social Sciences,History & Civics,,,Books,highest poverty,Grades 3-5,,,,,475.00,579.27,0,502.50,2,f,f,completed,2002-09-19 00:00:00,2002-09-19 00:00:00,2004-01-28 00:00:00,2003-12-31 00:00:00
d79e1adfab4bb6b2016a31ec95b34af1,2cf067a7ce8c794df16683911a044042,b5999531e0c1bb628ace29f3bd892e7c,360008302485,40.850571000000000,-73.933990000000000,New York City,NY,10033,urban,New York City Dept Of Ed,New York (Manhattan),f,f,f,f,f,f,Ms.,t,f,Early Development,Applied Learning,,,Supplies,highest poverty,Grades 3-5,,,,,200.00,243.90,0,200.00,1,f,f,completed,2002-09-19 00:00:00,2003-01-30 00:00:00,2003-05-12 00:00:00,2003-12-31 00:00:00
1c2365b548423cd64574e6e6da28913d,1d4d8a42730dbb66af1ebb6ab37456b7,768dab263f87881fe7c68ffb3965df7c,360008302472,40.841216000000000,-73.938605000000000,New York City,NY,10032,urban,New York City Dept Of Ed,New York (Manhattan),f,f,f,f,f,f,Ms.,t,f,Health & Life Science,Math & Science,,,Supplies,highest poverty,Grades PreK-2,,,,,93.00,113.41,0,102.00,1,f,f,completed,2002-09-19 00:00:00,2002-09-19 00:00:00,2003-02-13 00:00:00,2003-12-31 00:00:00
ddfa5159f798496253ae59118da555e3,0c2d4535f03991165dc72092840d672b,cabcc3ed826056c3969a8a99c5aeeaf6,360008502463,40.829224000000000,-73.856899000000000,New York City,NY,10472,urban,New York City Dept Of Ed,Bronx,f,f,f,f,f,f,Ms.,f,f,Literacy,Literacy & Language,,,Supplies,highest poverty,Grades 3-5,,,,,227.00,276.83,0,249.00,1,f,f,completed,2002-09-19 00:00:00,2002-09-19 00:00:00,2003-01-30 00:00:00,2003-12-31 00:00:00
1ce8ffb2d1543641e710d2294fd71ed5,12f612bc3919b270b0b4b89b6b6c909b,02f5dc94c4384eab7b4448003559070b,360010203123,40.744753000000000,-73.957952000000000,New York City,NY,11109,urban,New York City Dept Of Ed,Queens,f,f,f,f,f,f,Mr.,f,f,Literature & Writing,Literacy & Language,,,Books,high poverty,Grades 3-5,,,,,444.00,541.46,0,0.00,0,f,f,completed,2002-09-19 00:00:00,2002-09-19 00:00:00,2004-01-28 00:00:00,2003-12-31 00:00:00
decbc1a3bcd8cedf21af389569c566d4,ed55d66251be5810b38e1b2505b7673d,923a1f4850d4e09ad5b8d015ae988505,360007702871,40.742210000000000,-74.002041000000000,New York City,NY,10011,urban,New York City Dept Of Ed,New York (Manhattan),f,f,f,f,f,f,Mr.,f,f,History & Geography,History & Civics,,,Other,highest poverty,Grades 9-12,,,,,292.00,356.10,0,321.20,2,f,f,completed,2002-09-19 00:00:00,2003-01-28 00:00:00,2003-05-19 00:00:00,2003-12-31 00:00:00
1d5ae20cbeeb9d4496cea2c6a98f00c3,00268bcb3aee56eb35397e856efb3be4,906db3b4864f6502bea0392909d27afe,360009202041,40.649203000000000,-74.012325000000000,New York City,NY,11220,urban,New York City Dept Of Ed,Kings (Brooklyn),f,f,f,f,f,f,Ms.,f,f,Literacy,Literacy & Language,,,Books,highest poverty,Grades 3-5,,,,,286.00,348.78,0,314.00,1,f,f,completed,2002-09-19 00:00:00,2002-09-19 00:00:00,2002-09-19 00:00:00,2003-12-31 00:00:00
e21f5d41589d4a56dc1648e678747c43,eb9cfeb739bdef4c9a857dc6a4e378ff,1ae4695be589a36816188e2b301a0395,360007700585,40.765517000000000,-73.960090000000000,New York City,NY,10065,,New York City Dept Of Ed,New York (Manhattan),f,f,f,f,f,f,Mr.,f,f,Civics & Government,History & Civics,,,Trips,highest poverty,Grades 9-12,,,,,2240.00,2731.71,0,2623.00,4,f,f,completed,2002-09-19 00:00:00,2003-11-12 00:00:00,2004-05-11 00:00:00,2003-12-31 00:00:00
1d7de428b9c8914f912fda5aa439d438,6ace63f88c1e30fa52e57a6ea1999ecd,6f0382325857ae3469d04800c470c509,,40.753002000000000,-73.992409000000000,New York City,NY,10018,,,New York (Manhattan),f,f,f,f,f,f,Mrs.,f,f,Literacy,Literacy & Language,,,Supplies,low poverty,Grades PreK-2,,,,,49.00,59.76,0,53.00,1,f,f,completed,2002-09-19 00:00:00,2002-09-19 00:00:00,2002-09-19 00:00:00,2003-12-31 00:00:00
e2c23acea56c80d3de132661d41cbafe,142a6992d71f369493627cf1a2d67b13,03fce79ede6bf1789be29c2fac1e9606,360008405533,40.819289000000000,-73.908720000000000,New York City,NY,10456,urban,New York City Dept Of Ed,Bronx,f,f,f,f,f,f,Ms.,f,f,Literacy,Literacy & Language,,,Books,highest poverty,Grades PreK-2,,,,,118.00,143.90,0,129.00,1,f,f,completed,2002-09-19 00:00:00,2002-09-19 00:00:00,2002-09-19 00:00:00,2003-12-31 00:00:00
29b2afd6d4b17dcd5b8ee025ad44eb4c,ebb627d0f8c3689423a23038203cb64f,404b04de35ab895c49c1bf504b76c8a2,360015705846,40.656298000000000,-73.951604000000000,New York City,NY,11226,urban,Charter School District,Kings (Brooklyn),t,f,f,f,f,f,Ms.,t,f,Other,Applied Learning,,,Other,highest poverty,Grades PreK-2,,,,,0.00,0.00,0,0.00,0,f,f,expired,2002-09-19 00:00:00,,,2003-05-19 00:00:00
e67cecdab63f131804e4699dfeca1b6f,696c8458f451fc8fbc4c7e470a03f4d4,3706b4dd4d68da21df7015cba19dbc02,360013905776,40.806160000000000,-73.948020000000000,New York City,NY,10027,urban,New York City Dept Of Ed,New York (Manhattan),t,f,f,t,f,f,Mr.,f,f,College & Career Prep,Applied Learning,,,Supplies,highest poverty,Grades 6-8,,,,,970.00,1182.93,0,1067.00,1,f,f,completed,2002-09-19 00:00:00,2003-01-28 00:00:00,2003-07-21 00:00:00,2003-12-31 00:00:00
2e0eb3f25db079ce9d27c26f9a43f35b,0c2d4535f03991165dc72092840d672b,cabcc3ed826056c3969a8a99c5aeeaf6,360008502463,40.829224000000000,-73.856899000000000,New York City,NY,10472,urban,New York City Dept Of Ed,Bronx,f,f,f,f,f,f,Ms.,f,f,Visual Arts,Music & The Arts,,,Technology,highest poverty,Grades 6-8,,,,,367.00,447.56,0,393.00,2,f,f,completed,2002-09-19 00:00:00,2002-09-19 00:00:00,2004-01-28 00:00:00,2003-12-31 00:00:00
e8ae1d7901badbae3b369c36f8ef50e0,4d04e446087a74ff95e261d29e86e10b,cabcc3ed826056c3969a8a99c5aeeaf6,360008502463,40.829224000000000,-73.856899000000000,New York City,NY,10472,urban,New York City Dept Of Ed,Bronx,f,f,f,f,f,f,Ms.,f,f,Literature & Writing,Literacy & Language,,,Supplies,highest poverty,Grades 6-8,,,,,1505.00,1835.37,0,1655.00,1,f,f,completed,2002-09-19 00:00:00,2002-09-19 00:00:00,2003-07-23 00:00:00,2003-12-31 00:00:00
3453812d1037fe56c02ce096f6f1be63,ebb627d0f8c3689423a23038203cb64f,404b04de35ab895c49c1bf504b76c8a2,360015705846,40.656298000000000,-73.951604000000000,New York City,NY,11226,urban,Charter School District,Kings (Brooklyn),t,f,f,f,f,f,Ms.,t,f,Visual Arts,Music & The Arts,,,Supplies,highest poverty,Grades 3-5,,,,,400.00,487.80,0,400.00,2,f,f,completed,2002-09-19 00:00:00,2002-10-09 00:00:00,2003-02-26 00:00:00,2003-12-31 00:00:00
e8c3f04d4f0328ae284c8799c4f6e8b8,55c29624cdb74469ff2e3db06eaa10a1,6f0382325857ae3469d04800c470c509,,40.753002000000000,-73.992409000000000,New York City,NY,10018,,,New York (Manhattan),f,f,f,f,f,f,Mr.,f,f,Literature & Writing,Literacy & Language,,,Supplies,low poverty,Grades 6-8,,,,,1670.00,2036.59,0,0.00,0,f,f,completed,2002-09-19 00:00:00,2002-09-19 00:00:00,2004-01-12 00:00:00,2003-12-31 00:00:00
39954c268478cdf9c609a907f9e841f7,1d4d8a42730dbb66af1ebb6ab37456b7,768dab263f87881fe7c68ffb3965df7c,360008302472,40.841216000000000,-73.938605000000000,New York City,NY,10032,urban,New York City Dept Of Ed,New York (Manhattan),f,f,f,f,f,f,Ms.,t,f,Early Development,Applied Learning,,,Supplies,highest poverty,Grades PreK-2,,,,,395.00,481.71,0,395.00,1,f,f,completed,2002-09-19 00:00:00,2002-09-19 00:00:00,2002-09-19 00:00:00,2003-12-31 00:00:00
e961ec76d4c671e5fc4ee964ea35a6d8,1d4d8a42730dbb66af1ebb6ab37456b7,768dab263f87881fe7c68ffb3965df7c,360008302472,40.841216000000000,-73.938605000000000,New York City,NY,10032,urban,New York City Dept Of Ed,New York (Manhattan),f,f,f,f,f,f,Ms.,t,f,Early Development,Applied Learning,,,Supplies,highest poverty,Grades PreK-2,,,,,234.00,285.37,0,257.40,1,f,f,completed,2002-09-19 00:00:00,2002-10-09 00:00:00,2003-02-13 00:00:00,2003-12-31 00:00:00
3e0600b7d69834b1a67235a64a57ce28,ebb627d0f8c3689423a23038203cb64f,404b04de35ab895c49c1bf504b76c8a2,360015705846,40.656298000000000,-73.951604000000000,New York City,NY,11226,urban,Charter School District,Kings (Brooklyn),t,f,f,f,f,f,Ms.,t,f,Extracurricular,Applied Learning,,,Technology,highest poverty,Grades 3-5,,,,,390.00,475.61,0,397.00,3,f,f,completed,2002-09-19 00:00:00,2002-09-19 00:00:00,2004-01-28 00:00:00,2003-12-31 00:00:00
ea1e770cccd2e771b37cefed37783415,55c29624cdb74469ff2e3db06eaa10a1,6f0382325857ae3469d04800c470c509,,40.753002000000000,-73.992409000000000,New York City,NY,10018,,,New York (Manhattan),f,f,f,f,f,f,Mr.,f,f,Mathematics,Math & Science,,,Supplies,low poverty,Grades 9-12,,,,,321.00,391.46,0,353.10,1,f,f,completed,2002-09-19 00:00:00,2002-12-16 00:00:00,2003-07-21 00:00:00,2003-12-31 00:00:00
3f02de31ad0ac6dbd30150d414aaea59,672bfbc2e05e5818b22398b4fd1ce9e7,cabcc3ed826056c3969a8a99c5aeeaf6,360008502463,40.829224000000000,-73.856899000000000,New York City,NY,10472,urban,New York City Dept Of Ed,Bronx,f,f,f,f,f,f,Mr.,f,f,Health & Life Science,Math & Science,,,Supplies,highest poverty,Grades 9-12,,,,,785.00,957.32,0,785.00,1,f,f,completed,2002-09-19 00:00:00,2002-09-19 00:00:00,2003-02-21 00:00:00,2003-12-31 00:00:00
ea8d84db1172dcac484bbca8bb527c7d,1aacfb91eb392114236f0c38fa44f27b,cabcc3ed826056c3969a8a99c5aeeaf6,360008502463,40.829224000000000,-73.856899000000000,New York City,NY,10472,urban,New York City Dept Of Ed,Bronx,f,f,f,f,f,f,Mrs.,f,f,Literacy,Literacy & Language,,,Other,highest poverty,Grades 6-8,,,,,468.00,570.73,0,468.00,1,f,f,completed,2002-09-19 00:00:00,2002-11-07 00:00:00,2003-04-23 00:00:00,2003-12-31 00:00:00
4297e8117d4a5e183cba1d09fecf414b,ebb627d0f8c3689423a23038203cb64f,404b04de35ab895c49c1bf504b76c8a2,360015705846,40.656298000000000,-73.951604000000000,New York City,NY,11226,urban,Charter School District,Kings (Brooklyn),t,f,f,f,f,f,Ms.,t,f,Early Development,Applied Learning,,,Technology,highest poverty,Grades 3-5,,,,,385.00,469.51,0,385.00,1,f,f,completed,2002-09-19 00:00:00,2002-09-19 00:00:00,2004-01-28 00:00:00,2003-12-31 00:00:00
eeee2fee593ae7d9a8146a1a3d052f4b,ebb627d0f8c3689423a23038203cb64f,404b04de35ab895c49c1bf504b76c8a2,360015705846,40.656298000000000,-73.951604000000000,New York City,NY,11226,urban,Charter School District,Kings (Brooklyn),t,f,f,f,f,f,Ms.,t,f,Mathematics,Math & Science,,,Supplies,highest poverty,Grades 3-5,,,,,265.00,323.17,0,291.00,1,f,f,completed,2002-09-19 00:00:00,2002-09-19 00:00:00,2002-09-19 00:00:00,2003-12-31 00:00:00
434494c4e3f85a7da7a3c65f05cae321,ebb627d0f8c3689423a23038203cb64f,404b04de35ab895c49c1bf504b76c8a2,360015705846,40.656298000000000,-73.951604000000000,New York City,NY,11226,urban,Charter School District,Kings (Brooklyn),t,f,f,f,f,f,Ms.,t,f,Mathematics,Math & Science,,,Supplies,highest poverty,Grades 6-8,,,,,414.00,504.88,0,414.00,2,f,f,completed,2002-09-19 00:00:00,2002-11-07 00:00:00,2003-05-26 00:00:00,2003-12-31 00:00:00
f0eb60ae4ea736a6c462d5854e322926,ded4b1235dbdaedeb157c38621fcebdc,8c9ab8c021074381647582e111507219,,40.826957159941806,-73.892217120675355,New York City,NY,10459,,,Bronx,f,f,f,f,f,f,Ms.,f,f,Performing Arts,Music & The Arts,,,Supplies,low poverty,Grades 9-12,,,,,1000.00,1219.51,0,0.00,0,f,f,completed,2002-09-19 00:00:00,2002-12-09 00:00:00,2002-12-09 00:00:00,2003-12-31 00:00:00
455ddac572748c1ecf50bae3e16bcc46,367b88e62aa3f83ad773008b7a1bee70,3b42633237dca17709086288987e1cb4,360008600728,40.844268000000000,-73.913469000000000,New York City,NY,10452,urban,New York City Dept Of Ed,Bronx,f,f,f,f,f,f,Ms.,t,f,Literacy,Literacy & Language,,,Technology,highest poverty,Grades PreK-2,,,,,305.00,371.95,0,335.00,1,f,f,completed,2002-09-19 00:00:00,2002-09-19 00:00:00,2002-09-19 00:00:00,2003-12-31 00:00:00
f3375c6eb2b009e585e383e8cc7fb9df,b376a777ea77e924ae6e85cc2f4873f0,09a61be258ad61b1fd873ad0a2d1e541,360015302695,40.597275000000000,-73.948784000000000,New York City,NY,11229,urban,New York City Dept Of Ed,Kings (Brooklyn),f,f,f,f,f,f,Ms.,f,f,Literacy,Literacy & Language,,,Books,highest poverty,Grades PreK-2,,,,,2362.00,2880.49,0,2362.00,1,f,f,completed,2002-09-19 00:00:00,2002-10-09 00:00:00,2002-12-10 00:00:00,2003-05-19 00:00:00
474fd9906d037300bed3b369c28ecd09,5c43ef5eac0f5857c266baa1ccfa3d3f,9e72d6f2f1e9367b578b6479aa5852b7,360009702803,40.688454000000000,-73.910432000000000,New York City,NY,11207,urban,New York City Dept Of Ed,Kings (Brooklyn),f,t,f,f,f,f,Mr.,f,f,History & Geography,History & Civics,,,Technology,highest poverty,Grades 6-8,,,,,263.00,320.73,0,289.30,1,f,f,completed,2002-09-19 00:00:00,2003-01-27 00:00:00,2003-03-26 00:00:00,2003-12-31 00:00:00
f6070f5d7d293ed38cbaebb78c12a8aa,31367152c3ea88bfdf8a97848be8bd07,1bd8ff354157f9515669342576e6b8e5,360007802525,40.799052000000000,-73.964881000000000,New York City,NY,10025,urban,New York City Dept Of Ed,New York (Manhattan),f,f,f,f,f,f,Ms.,f,f,Other,Applied Learning,,,Supplies,highest poverty,Grades 3-5,,,,,274.00,334.15,0,274.00,1,f,f,completed,2002-09-19 00:00:00,2002-09-19 00:00:00,2002-11-21 00:00:00,2003-12-31 00:00:00
4d448db9634a09f9e81ef1fe72138c39,8860560acb3b3344b0c542a2405c2a41,ba54e9bfc11ea8b99c6b6517e3121101,360009104523,40.688519000000000,-73.971131000000000,New York City,NY,11205,urban,New York City Dept Of Ed,Kings (Brooklyn),f,t,f,t,f,f,Ms.,f,f,Literature & Writing,Literacy & Language,,,Technology,highest poverty,Grades 6-8,,,,,648.00,790.24,0,746.00,1,f,f,completed,2002-09-19 00:00:00,2003-04-07 00:00:00,2003-07-08 00:00:00,2003-12-31 00:00:00
f632ab2c5bb5f2f397abebdb4b3b9ad6,1aacfb91eb392114236f0c38fa44f27b,cabcc3ed826056c3969a8a99c5aeeaf6,360008502463,40.829224000000000,-73.856899000000000,New York City,NY,10472,urban,New York City Dept Of Ed,Bronx,f,f,f,f,f,f,Mrs.,f,f,Extracurricular,Applied Learning,,,Technology,highest poverty,Grades 6-8,,,,,430.00,524.39,0,495.00,1,f,f,completed,2002-09-19 00:00:00,2003-04-30 00:00:00,2003-07-22 00:00:00,2003-12-31 00:00:00
4e6b011d901265bc2dc4e982022e102d,ebb627d0f8c3689423a23038203cb64f,404b04de35ab895c49c1bf504b76c8a2,360015705846,40.656298000000000,-73.951604000000000,New York City,NY,11226,urban,Charter School District,Kings (Brooklyn),t,f,f,f,f,f,Ms.,t,f,Literature & Writing,Literacy & Language,,,Books,highest poverty,Grades 3-5,,,,,727.00,886.59,0,799.70,1,f,f,completed,2002-09-19 00:00:00,2003-01-22 00:00:00,2003-05-22 00:00:00,2003-12-31 00:00:00
f6d06a871118af229ed9af7232b6c447,e3751e935d13de6b37864194955d1548,aab7207b58c29df564e721b9bff5f4d9,360012104886,40.666550000000000,-73.911084000000000,New York City,NY,11212,urban,New York City Dept Of Ed,Kings (Brooklyn),f,f,f,f,f,f,Ms.,f,f,Literacy,Literacy & Language,,,Books,highest poverty,Grades PreK-2,,,,,99.00,120.73,0,108.00,1,f,f,completed,2002-09-19 00:00:00,2002-09-19 00:00:00,2002-12-20 00:00:00,2003-12-31 00:00:00
4eaaaf487b41ac7fddd3d66bef7641c7,ebb627d0f8c3689423a23038203cb64f,404b04de35ab895c49c1bf504b76c8a2,360015705846,40.656298000000000,-73.951604000000000,New York City,NY,11226,urban,Charter School District,Kings (Brooklyn),t,f,f,f,f,f,Ms.,t,f,History & Geography,History & Civics,,,Technology,highest poverty,Grades 3-5,,,,,375.00,457.32,0,383.00,3,f,f,completed,2002-09-19 00:00:00,2002-09-19 00:00:00,2003-01-15 00:00:00,2003-12-31 00:00:00
f704f28fa69ee8f189d09c3342fe1bc3,ebb627d0f8c3689423a23038203cb64f,404b04de35ab895c49c1bf504b76c8a2,360015705846,40.656298000000000,-73.951604000000000,New York City,NY,11226,urban,Charter School District,Kings (Brooklyn),t,f,f,f,f,f,Ms.,t,f,History & Geography,History & Civics,,,Books,highest poverty,Grades 3-5,,,,,460.00,560.98,0,506.00,1,f,f,completed,2002-09-19 00:00:00,2002-11-11 00:00:00,2003-04-22 00:00:00,2003-12-31 00:00:00
50deabcbab7380eae8911e172793b2d4,7b65059ec368410e6399d3f13259f6fb,cbd3684d1d7d2a347b6acb668c0d06b1,360008700183,40.854419000000000,-73.905364000000000,New York City,NY,10453,urban,New York City Dept Of Ed,Bronx,f,f,f,f,f,f,Ms.,f,t,Visual Arts,Music & The Arts,,,Supplies,highest poverty,Grades PreK-2,,,,,9.00,10.98,0,199.10,1,f,f,completed,2002-09-19 00:00:00,2002-09-23 00:00:00,2003-06-04 00:00:00,2003-12-31 00:00:00
f9065c14b96ae492fb62924acb115521,d04fe28078bb087996351d7a6d0c20d1,39ddbff0638271cd2eb7793af1c91237,360008105117,40.814840000000000,-73.945051000000000,New York City,NY,10030,urban,New York City Dept Of Ed,New York (Manhattan),f,f,f,f,f,f,Ms.,t,f,Literacy,Literacy & Language,,,Other,highest poverty,Grades 3-5,,,,,250.00,304.88,0,250.00,1,f,f,completed,2002-09-19 00:00:00,2002-09-19 00:00:00,2002-09-19 00:00:00,2003-12-31 00:00:00
518fb1907db55505b596a8398102c5bf,9c214c58003f1d4c82261404b8bbfcf5,5a9ef14b90dbae7cc682dfdea85977e1,360007802655,40.771709000000000,-73.987174000000000,New York City,NY,10023,urban,New York City Dept Of Ed,New York (Manhattan),f,f,f,f,f,f,Ms.,t,f,Literacy,Literacy & Language,,,Supplies,highest poverty,Grades PreK-2,,,,,110.00,134.15,0,121.00,1,f,f,completed,2002-09-19 00:00:00,2002-09-19 00:00:00,2002-09-19 00:00:00,2003-12-31 00:00:00
53a4c3e090eddb4c3998225605dee28a,cde555e62f2f2106025e6b9dddab6de6,753da3d93696fdaa9f6834400cd50390,360007700700,40.709239000000000,-74.012173000000000,New York City,NY,10006,urban,New York City Dept Of Ed,New York (Manhattan),f,t,f,f,f,f,Ms.,f,f,Character Education,Applied Learning,,,Books,highest poverty,Grades 9-12,,,,,2100.00,2560.98,0,2100.00,2,f,f,completed,2002-09-19 00:00:00,2003-02-07 00:00:00,2003-02-13 00:00:00,2003-12-31 00:00:00
56268cccb45e1919dd6380babc7cbc24,4b0936ebaa7663db18fa0acebbb57d61,60c6dfd6e80550a641188c4c8ab72f03,360013503340,40.763909000000000,-73.985692000000000,New York City,NY,10019,urban,New York City Dept Of Ed,New York (Manhattan),f,f,t,f,f,f,Mr.,f,f,Literacy,Literacy & Language,,,Books,highest poverty,Grades 9-12,,,,,510.00,621.95,0,561.00,1,f,f,completed,2002-09-19 00:00:00,2002-09-19 00:00:00,2002-12-18 00:00:00,2003-12-31 00:00:00
56b5114f3bb47c247cb04e37f5394a7d,8ba8ae16f794598307095df5b5c67ce0,53e668061469bd44c45453aef8d88fdd,360007702184,40.735510000000000,-73.998921000000000,New York City,NY,10011,urban,New York City Dept Of Ed,New York (Manhattan),f,f,f,f,f,f,Mrs.,f,f,Other,Applied Learning,,,Supplies,low poverty,Grades PreK-2,,,,,415.00,506.10,0,480.00,3,f,f,completed,2002-09-19 00:00:00,2003-07-18 00:00:00,2004-01-20 00:00:00,2003-10-01 00:00:00
5d00002a53d4c96567c614c0a90bef4c,672bfbc2e05e5818b22398b4fd1ce9e7,cabcc3ed826056c3969a8a99c5aeeaf6,360008502463,40.829224000000000,-73.856899000000000,New York City,NY,10472,urban,New York City Dept Of Ed,Bronx,f,f,f,f,f,f,Mr.,f,f,Environmental Science,Math & Science,,,Supplies,highest poverty,Grades 9-12,,,,,1610.00,1963.41,0,1610.00,1,f,f,completed,2002-09-19 00:00:00,2002-09-23 00:00:00,2003-02-21 00:00:00,2003-12-31 00:00:00
5e80a5c986ab87e30fe765ee8e14a87d,245df54227bf7883bcfa5d660e69eff6,cabcc3ed826056c3969a8a99c5aeeaf6,360008502463,40.829224000000000,-73.856899000000000,New York City,NY,10472,urban,New York City Dept Of Ed,Bronx,f,f,f,f,f,f,Ms.,f,f,Visual Arts,Music & The Arts,,,Supplies,highest poverty,Grades 6-8,,,,,246.00,300.00,0,270.00,1,f,f,completed,2002-09-19 00:00:00,2002-09-19 00:00:00,2002-09-19 00:00:00,2003-12-31 00:00:00
5f67686fed9f2e1ac83c6ffc95006444,0ecb3b20851102bf9aac6c3143920dea,7ead962f287a98571811204a0e1c9e42,360007902919,40.792938000000000,-73.947174000000000,New York City,NY,10029,urban,New York City Dept Of Ed,New York (Manhattan),f,f,f,f,f,f,Ms.,f,f,Health & Life Science,Math & Science,,,Books,highest poverty,Grades 9-12,,,,,1419.00,1730.49,0,1243.40,5,f,f,completed,2002-09-19 00:00:00,2002-09-19 00:00:00,2002-12-16 00:00:00,2003-12-31 00:00:00
622d07c95c655f56277030c1dfc70696,ac3d575cd2d7a58063677162afd90f7d,5f4bef33b0e38aaaeb322025e8da42cf,360008602528,40.827859000000000,-73.914261000000000,New York City,NY,10456,urban,New York City Dept Of Ed,Bronx,f,f,f,f,f,f,Mr.,t,f,Applied Sciences,Math & Science,,,Technology,highest poverty,Grades 6-8,,,,,238.00,290.24,0,238.00,1,f,f,completed,2002-09-19 00:00:00,2002-09-19 00:00:00,2002-09-19 00:00:00,2003-12-31 00:00:00
63eaeb3338e991c4fe012bff4e76b54f,6ace63f88c1e30fa52e57a6ea1999ecd,6f0382325857ae3469d04800c470c509,,40.753002000000000,-73.992409000000000,New York City,NY,10018,,,New York (Manhattan),f,f,f,f,f,f,Mrs.,f,f,Literature & Writing,Literacy & Language,,,Technology,low poverty,Grades PreK-2,,,,,425.00,518.29,0,0.00,0,f,f,completed,2002-09-19 00:00:00,2002-09-23 00:00:00,2004-01-28 00:00:00,2003-12-31 00:00:00
679bea256c1c7a378d6e074b0de135af,5c43ef5eac0f5857c266baa1ccfa3d3f,9e72d6f2f1e9367b578b6479aa5852b7,360009702803,40.688454000000000,-73.910432000000000,New York City,NY,11207,urban,New York City Dept Of Ed,Kings (Brooklyn),f,t,f,f,f,f,Mr.,f,f,Other,Applied Learning,,,Other,highest poverty,Grades 6-8,,,,,9.00,10.98,0,230.00,2,f,f,completed,2002-09-19 00:00:00,2002-09-19 00:00:00,2003-01-27 00:00:00,2003-12-31 00:00:00
67b4ca5b741b319cdd1b752a60c1b2da,14ffb3fe71cbb37d2506435b92283670,9d9c5218ac1e984a706b4cf49e8a674d,360009204890,40.685345000000000,-73.993539000000000,New York City,NY,11201,urban,New York City Dept Of Ed,Kings (Brooklyn),f,f,f,f,f,f,Mrs.,f,f,Literature & Writing,Literacy & Language,,,Supplies,highest poverty,Grades 6-8,,,,,255.00,310.98,0,255.00,1,f,f,completed,2002-09-19 00:00:00,2002-09-19 00:00:00,2003-01-27 00:00:00,2003-12-31 00:00:00
67cf959b82d28b61c0a0a0e375684747,e867b96a06184afd6fcbafece08480d4,655fbc26823227a94a5d50fa4dc2c243,360007802327,40.789372000000000,-73.967539000000000,New York City,NY,10025,urban,New York City Dept Of Ed,New York (Manhattan),f,f,f,f,f,f,Ms.,f,f,Environmental Science,Math & Science,,,Supplies,high poverty,Grades 3-5,,,,,95.00,115.85,0,95.00,1,f,f,completed,2002-09-19 00:00:00,2002-09-19 00:00:00,2003-01-07 00:00:00,2003-12-31 00:00:00
6a2997ebac146dda5103796ddedb23ca,fa948a50addaac12ad9be40d68d5eccb,5307fce11b85e6ca6618448b1a3a075d,360008501979,40.823649000000000,-73.859879000000000,New York City,NY,10473,urban,New York City Dept Of Ed,Bronx,f,f,f,f,f,f,Mr.,f,f,Mathematics,Math & Science,,,Supplies,highest poverty,Grades 6-8,,,,,294.00,358.54,0,0.00,0,f,f,completed,2002-09-19 00:00:00,2002-10-01 00:00:00,2002-12-16 00:00:00,2003-12-31 00:00:00
6bdb5dfb1877236c10b4e1757935a9a7,9f1abbf9aa503997c046d6879fdd63ae,923a1f4850d4e09ad5b8d015ae988505,360007702871,40.742210000000000,-74.002041000000000,New York City,NY,10011,urban,New York City Dept Of Ed,New York (Manhattan),f,f,f,f,f,f,Mr.,f,f,Applied Sciences,Math & Science,,,Technology,highest poverty,Grades 9-12,,,,,1080.00,1317.07,0,0.00,0,f,f,completed,2002-09-19 00:00:00,2002-09-19 00:00:00,2003-08-01 00:00:00,2003-12-31 00:00:00
6d63ed299af4105930157e024852f457,84fd42b69d0db5710f09905939b366fe,5e4af81adba8db885dc6879c34cd5a57,360008602232,40.832818000000000,-73.911691000000000,New York City,NY,10456,urban,New York City Dept Of Ed,Bronx,f,f,f,f,f,f,Ms.,f,f,Early Development,Applied Learning,,,Supplies,moderate poverty,Grades PreK-2,,,,,385.00,469.51,0,385.00,1,f,f,completed,2002-09-19 00:00:00,2002-09-19 00:00:00,2003-01-03 00:00:00,2003-12-31 00:00:00
7176ccd5fbe458ee4b84731e78877161,672bfbc2e05e5818b22398b4fd1ce9e7,cabcc3ed826056c3969a8a99c5aeeaf6,360008502463,40.829224000000000,-73.856899000000000,New York City,NY,10472,urban,New York City Dept Of Ed,Bronx,f,f,f,f,f,f,Mr.,f,f,Applied Sciences,Math & Science,,,Supplies,highest poverty,Grades 9-12,,,,,934.00,1139.02,0,1027.40,1,f,f,completed,2002-09-19 00:00:00,2003-01-07 00:00:00,2003-04-23 00:00:00,2003-12-31 00:00:00
722b40d170544c2ac39a7031ddd529c0,56daf4afddca389329040bf066d4c1d3,563b911be760a839557ea1ea4c8adab3,,40.577459782361984,-73.996831923723221,New York City,NY,10001,,New York City Dept Of Ed,New York (Manhattan),f,f,f,f,f,f,Ms.,f,f,Health & Life Science,Math & Science,,,Technology,highest poverty,Grades 9-12,,,,,920.00,1121.95,0,942.00,3,f,f,completed,2002-09-19 00:00:00,2002-09-19 00:00:00,2003-02-26 00:00:00,2003-12-31 00:00:00
74de37e5a09099b1601270e88909ec5f,0c2d4535f03991165dc72092840d672b,cabcc3ed826056c3969a8a99c5aeeaf6,360008502463,40.829224000000000,-73.856899000000000,New York City,NY,10472,urban,New York City Dept Of Ed,Bronx,f,f,f,f,f,f,Ms.,f,f,Applied Sciences,Math & Science,,,Supplies,highest poverty,Grades 3-5,,,,,258.00,314.63,0,283.00,1,f,f,completed,2002-09-19 00:00:00,2002-09-19 00:00:00,2003-01-30 00:00:00,2003-12-31 00:00:00
78b724350aaece294a366f05b1b41499,225a1f3aced7d0a5642c494825234675,ffddd21ed1d58586b1f50bcedbd47750,360007803551,40.806160000000000,-73.948020000000000,New York City,NY,10027,urban,New York City Dept Of Ed,New York (Manhattan),f,t,f,f,f,f,Ms.,f,f,Other,Applied Learning,,,Technology,highest poverty,Grades 9-12,,,,,760.00,926.83,0,814.00,1,f,f,completed,2002-09-19 00:00:00,2003-04-24 00:00:00,2004-01-30 00:00:00,2003-12-31 00:00:00
78f0a1a42580973bb5a50d4c5279b3a6,55c29624cdb74469ff2e3db06eaa10a1,6f0382325857ae3469d04800c470c509,,40.753002000000000,-73.992409000000000,New York City,NY,10018,,,New York (Manhattan),f,f,f,f,f,f,Mr.,f,f,Visual Arts,Music & The Arts,,,Technology,low poverty,Grades 3-5,,,,,644.00,785.37,0,244.00,1,f,f,completed,2002-09-19 00:00:00,2002-09-19 00:00:00,2003-05-12 00:00:00,2003-12-31 00:00:00
867acebf5d6a364556dc763bb3b891cb,21a5742d5e6196ed64fae769c25c93ba,04f3cfd15642f95e296751a568089a9a,,40.804859000000000,-73.953697000000000,New York City,NY,10026,,,New York (Manhattan),t,f,f,f,f,f,Ms.,f,f,Literacy,Literacy & Language,,,Supplies,highest poverty,Grades 3-5,,,,,140.00,170.73,0,140.00,1,f,f,completed,2002-09-19 00:00:00,2002-09-19 00:00:00,2002-09-19 00:00:00,2003-12-31 00:00:00
8745c090f8856273799f5361d70b8b40,df8cde3ab0432f4c62fb7cdf096362eb,1615e71d5ed5e1f2dd4856b2668e35a3,360008502456,40.825351000000000,-73.873787000000000,New York City,NY,10472,urban,New York City Dept Of Ed,Bronx,f,f,f,f,f,f,Ms.,t,f,College & Career Prep,Applied Learning,,,Supplies,highest poverty,Grades PreK-2,,,,,230.00,280.49,0,230.00,1,f,f,completed,2002-09-19 00:00:00,2002-09-19 00:00:00,2002-12-03 00:00:00,2003-12-31 00:00:00
8a895ea9a4eb127999dad0f4bfbf9151,55c29624cdb74469ff2e3db06eaa10a1,6f0382325857ae3469d04800c470c509,,40.753002000000000,-73.992409000000000,New York City,NY,10018,,,New York (Manhattan),f,f,f,f,f,f,Mr.,f,f,Visual Arts,Music & The Arts,,,Supplies,low poverty,Grades 3-5,,,,,448.00,546.34,0,200.00,1,f,f,completed,2002-09-19 00:00:00,2002-09-19 00:00:00,2002-09-19 00:00:00,2003-12-31 00:00:00
8d9a036d6256b8cc672f6a7bb42d5967,ebb627d0f8c3689423a23038203cb64f,404b04de35ab895c49c1bf504b76c8a2,360015705846,40.656298000000000,-73.951604000000000,New York City,NY,11226,urban,Charter School District,Kings (Brooklyn),t,f,f,f,f,f,Ms.,t,f,Literature & Writing,Literacy & Language,History & Geography,History & Civics,Books,highest poverty,Grades 3-5,,,,,437.00,532.93,0,480.70,2,f,f,completed,2002-09-19 00:00:00,2003-03-03 00:00:00,2004-01-28 00:00:00,2003-12-31 00:00:00
8e6679e7dcb3880e8a4b7ca9e2145a51,696c8458f451fc8fbc4c7e470a03f4d4,3706b4dd4d68da21df7015cba19dbc02,360013905776,40.806160000000000,-73.948020000000000,New York City,NY,10027,urban,New York City Dept Of Ed,New York (Manhattan),t,f,f,t,f,f,Mr.,f,f,Other,Applied Learning,,,Supplies,highest poverty,Grades 6-8,,,,,445.00,542.68,0,445.00,1,f,f,completed,2002-09-19 00:00:00,2002-11-06 00:00:00,2003-07-23 00:00:00,2003-12-31 00:00:00
92103b6feccac6149f0a47371bbfcc6c,1a5ade3f923ab4de958755655b4a7e9b,906db3b4864f6502bea0392909d27afe,360009202041,40.649203000000000,-74.012325000000000,New York City,NY,11220,urban,New York City Dept Of Ed,Kings (Brooklyn),f,f,f,f,f,f,Ms.,f,f,Literacy,Literacy & Language,,,Supplies,highest poverty,Grades PreK-2,,,,,615.00,750.00,0,654.00,2,f,f,completed,2002-09-19 00:00:00,2002-09-19 00:00:00,2004-01-28 00:00:00,2003-12-31 00:00:00
929a2110437f95b07c3d3d158e30db47,e3751e935d13de6b37864194955d1548,aab7207b58c29df564e721b9bff5f4d9,360012104886,40.666550000000000,-73.911084000000000,New York City,NY,11212,urban,New York City Dept Of Ed,Kings (Brooklyn),f,f,f,f,f,f,Ms.,f,f,Literacy,Literacy & Language,,,Books,highest poverty,Grades PreK-2,,,,,99.00,120.73,0,108.00,1,f,f,completed,2002-09-19 00:00:00,2002-09-19 00:00:00,2002-12-20 00:00:00,2003-12-31 00:00:00
964739d7f4ef64bc018e5776028ed1c8,da901a917ac3eae4017ed059e7d33dfc,caebe9050374f97aeba2033b2eca0f16,360015302727,40.613426000000000,-73.938935000000000,New York City,NY,11234,urban,New York City Dept Of Ed,Kings (Brooklyn),f,t,f,f,f,f,Mrs.,f,f,Visual Arts,Music & The Arts,,,Supplies,high poverty,Grades PreK-2,,,,,592.00,721.95,0,0.00,0,f,f,completed,2002-09-19 00:00:00,2002-09-23 00:00:00,2003-05-02 00:00:00,2003-12-31 00:00:00
97ef873b8332f8398b5a39523f9247fd,0c2d4535f03991165dc72092840d672b,cabcc3ed826056c3969a8a99c5aeeaf6,360008502463,40.829224000000000,-73.856899000000000,New York City,NY,10472,urban,New York City Dept Of Ed,Bronx,f,f,f,f,f,f,Ms.,f,f,Literacy,Literacy & Language,,,Books,highest poverty,Grades 6-8,,,,,282.00,343.90,0,282.00,1,f,f,completed,2002-09-19 00:00:00,2002-09-19 00:00:00,2003-01-30 00:00:00,2003-12-31 00:00:00
9ad9645a5c23febe40d088bb30827979,0c2d4535f03991165dc72092840d672b,cabcc3ed826056c3969a8a99c5aeeaf6,360008502463,40.829224000000000,-73.856899000000000,New York City,NY,10472,urban,New York City Dept Of Ed,Bronx,f,f,f,f,f,f,Ms.,f,f,Mathematics,Math & Science,,,Supplies,highest poverty,Grades 6-8,,,,,514.00,626.83,0,0.00,0,f,f,completed,2002-09-19 00:00:00,2002-11-11 00:00:00,2003-01-30 00:00:00,2003-12-31 00:00:00
9b0d36b9c467073e17b21e201275fcca,ebb627d0f8c3689423a23038203cb64f,404b04de35ab895c49c1bf504b76c8a2,360015705846,40.656298000000000,-73.951604000000000,New York City,NY,11226,urban,Charter School District,Kings (Brooklyn),t,f,f,f,f,f,Ms.,t,f,Social Sciences,History & Civics,,,Supplies,highest poverty,Grades 3-5,,,,,240.00,292.68,0,258.00,2,f,f,completed,2002-09-19 00:00:00,2002-09-19 00:00:00,2004-01-28 00:00:00,2003-12-31 00:00:00
9db0d13910385b8624416c8c426124c1,ea051b4d920c88f218893ae77ebac8d7,a65b2441d4e3464354a9edfa2389e78f,360008301675,40.834900000000000,-73.941620000000000,New York City,NY,10032,urban,New York City Dept Of Ed,New York (Manhattan),f,f,f,f,f,f,Ms.,f,f,Health & Life Science,Math & Science,,,Supplies,highest poverty,Grades PreK-2,,,,,418.10,509.88,0,0.00,0,f,f,completed,2002-09-19 00:00:00,2002-09-19 00:00:00,2002-09-19 00:00:00,2003-12-31 00:00:00
9df9204260388fd72e736cda69e0cb48,16ffd7a87fa8426489dac20b0f325cb1,5e4af81adba8db885dc6879c34cd5a57,360008602232,40.832818000000000,-73.911691000000000,New York City,NY,10456,urban,New York City Dept Of Ed,Bronx,f,f,f,f,f,f,Ms.,t,f,Literacy,Literacy & Language,,,Books,moderate poverty,Grades PreK-2,,,,,167.00,203.66,0,167.00,1,f,f,completed,2002-09-19 00:00:00,2002-09-19 00:00:00,2002-09-19 00:00:00,2003-12-31 00:00:00
9ef40fe3386e16244ef25779c228e72f,214d75bd0e6ce3e7085278ddd8f26daa,f7f12dee0009e6f9afa301bcca9d5070,,40.815018000000000,-73.856094000000000,New York City,NY,10473,urban,Leadership Learning Support Organization,Bronx,f,f,f,f,f,f,Ms.,t,f,Mathematics,Math & Science,,,Technology,highest poverty,Grades 3-5,,,,,722.00,880.49,0,758.36,2,f,f,completed,2002-09-19 00:00:00,2003-03-03 00:00:00,2003-05-16 00:00:00,2003-12-31 00:00:00
ad7656defd12c13cd8684bd2cd0771b4,ebb627d0f8c3689423a23038203cb64f,404b04de35ab895c49c1bf504b76c8a2,360015705846,40.656298000000000,-73.951604000000000,New York City,NY,11226,urban,Charter School District,Kings (Brooklyn),t,f,f,f,f,f,Ms.,t,f,Mathematics,Math & Science,,,Supplies,highest poverty,Grades 3-5,,,,,295.00,359.76,0,324.50,1,f,f,completed,2002-09-19 00:00:00,2003-01-23 00:00:00,2003-05-22 00:00:00,2003-12-31 00:00:00
b06460893c30ef434d40fad7c027b5e7,3b950d9185204b5458829610855696b7,74069ee85f6d41fd039befcb64107b5f,360008604459,40.843352000000000,-73.920440000000000,New York City,NY,10452,urban,New York City Dept Of Ed,Bronx,f,f,f,f,f,f,Ms.,f,f,Literacy,Literacy & Language,,,Supplies,highest poverty,Grades 3-5,,,,,152.00,185.37,0,167.00,1,f,f,completed,2002-09-19 00:00:00,2002-09-19 00:00:00,2003-03-26 00:00:00,2003-12-31 00:00:00
d1b75a93cac4c6e7861cd6b1cbd33ef0,3cbc6ab1ee592e425cd6230a18fdcc43,17746a1cf95bd2e84932a271eeb42f8a,360008502479,40.817580000000000,-73.902302000000000,New York City,NY,10455,urban,New York City Dept Of Ed,Bronx,f,f,f,f,f,f,Ms.,t,f,Literacy,Literacy & Language,,,Supplies,highest poverty,Grades PreK-2,,,,,333.00,406.10,0,366.30,1,f,f,completed,2002-09-20 00:00:00,2002-11-05 00:00:00,2003-02-13 00:00:00,2003-05-20 00:00:00
012999dcaddfe739d2c0923d67c32ed1,054cd00fe5664a8750ff4525291e649b,bc3c5f5122b702ac9050ebe96c7d9e77,360008305647,40.839225000000000,-73.936016000000000,New York City,NY,10032,urban,New York City Dept Of Ed,New York (Manhattan),f,f,f,f,f,f,Mr.,t,f,Other,Applied Learning,,,Other,highest poverty,Grades PreK-2,,,,,0.00,0.00,0,0.00,0,f,f,completed,2002-09-20 00:00:00,2003-07-29 00:00:00,,2003-05-20 00:00:00
d2790cd9a7c48706060765d705a294bb,6cc75561c2f40b49c28e91909058530b,6eac22fa50e762045871477e83824df5,360008302519,40.849035000000000,-73.930881000000000,New York City,NY,10033,urban,New York City Dept Of Ed,New York (Manhattan),f,f,f,f,f,f,Ms.,t,f,Literacy,Literacy & Language,,,Books,highest poverty,Grades 6-8,,,,,174.00,212.20,0,191.40,1,f,f,completed,2002-09-20 00:00:00,2002-09-26 00:00:00,2003-02-26 00:00:00,2003-06-26 00:00:00
0efbfa3e713400e64995e60a00c38f97,dc8dadbb13e8d1033c630d2ec5d0f0c1,99e2a7b0b9d0457b3881e3607020d29c,360007700584,40.741595000000000,-73.991383000000000,New York City,NY,10010,urban,New York City Dept Of Ed,New York (Manhattan),f,f,f,f,f,f,Ms.,f,f,Other,Applied Learning,,,Other,highest poverty,Grades PreK-2,,,,,0.00,0.00,0,0.00,0,f,f,completed,2002-09-20 00:00:00,2002-10-03 00:00:00,,2003-05-20 00:00:00
d89273ad64db2d3ade2232e37b927f17,5db74de819b2d83a8971cdd66bd2051d,67c49362a19734d92385423d2176c2e1,360008104871,40.815349000000000,-73.955189000000000,New York City,NY,10027,urban,Leadership Learning Support Organization,New York (Manhattan),f,f,f,f,f,f,Ms.,f,f,Applied Sciences,Math & Science,,,Technology,highest poverty,Grades 6-8,,,,,269.00,328.05,0,295.90,1,f,f,completed,2002-09-20 00:00:00,2002-10-03 00:00:00,2004-01-28 00:00:00,2003-12-31 00:00:00
107195ad59cecfdb6ef545ab950cc3d3,459cc25672a9fe40130c4e0bdaff3f2c,1ecb8376a49edfdefe81215dd0e506eb,360009102809,40.685958000000000,-73.944970000000000,New York City,NY,11216,urban,New York City Dept Of Ed,Kings (Brooklyn),f,f,f,f,f,f,Ms.,f,f,Applied Sciences,Math & Science,,,Supplies,highest poverty,Grades 3-5,,,,,342.00,417.07,0,376.19,2,f,f,completed,2002-09-20 00:00:00,2002-12-16 00:00:00,2003-05-29 00:00:00,2003-12-31 00:00:00
d972cc68b3c7e73f74fa58834470dac2,ba226b0912777a9407138de736a2a92a,39d5d0d58c1c1fbc55197cbcf3cda367,360008703811,40.854233000000000,-73.913017000000000,New York City,NY,10453,urban,New York City Dept Of Ed,Bronx,f,f,f,f,f,f,Mr.,t,f,Literacy,Literacy & Language,,,Books,highest poverty,Grades 3-5,,,,,1560.00,1902.44,0,1560.00,1,f,f,completed,2002-09-20 00:00:00,2002-10-09 00:00:00,2003-03-26 00:00:00,2003-05-20 00:00:00
18b716f61de886dc347d0890026a3413,d0c0cfeed9c25cf181e9bec2cb71d3e4,0b1e5e63776cd6f4df72b944d73ec4fc,360008402561,40.822987000000000,-73.922531000000000,New York City,NY,10451,urban,New York City Dept Of Ed,Bronx,f,f,f,f,f,f,Ms.,t,f,Early Development,Applied Learning,,,Supplies,highest poverty,Grades PreK-2,,,,,300.00,365.85,0,330.00,1,f,f,completed,2002-09-20 00:00:00,2002-09-23 00:00:00,2003-01-16 00:00:00,2003-12-31 00:00:00
d9ba1ddd18906e631052c704679fec09,3cce5b8409030a191d03a64fe609c21e,5e4af81adba8db885dc6879c34cd5a57,360008602232,40.832818000000000,-73.911691000000000,New York City,NY,10456,urban,New York City Dept Of Ed,Bronx,f,f,f,f,f,f,Ms.,t,f,Environmental Science,Math & Science,,,Supplies,moderate poverty,Grades PreK-2,,,,,120.00,146.34,0,120.00,1,f,f,completed,2002-09-20 00:00:00,2002-09-26 00:00:00,2003-02-04 00:00:00,2003-12-31 00:00:00
1ee8a855fa042a99118c0512f1549532,bb6e47c28ce8144d64818a24623c864c,0381e2383563befe3dfb0da549f78bde,360009705555,40.696854000000000,-73.910872000000000,New York City,NY,11237,urban,New York City Dept Of Ed,Kings (Brooklyn),f,f,f,f,f,f,Mr.,f,f,Literature & Writing,Literacy & Language,,,Technology,highest poverty,Grades 9-12,,,,,460.00,560.98,0,506.00,1,f,f,completed,2002-09-20 00:00:00,2003-01-13 00:00:00,2003-04-22 00:00:00,2003-12-31 00:00:00
ec071c6f9058ae91bd79bb583320f0f2,8bdea0a0cef114798413709884c3bc19,9705f6d923588757d6449a37bc8f8128,360008605663,40.835227966308600,-73.900550842285200,New York City,NY,10456,urban,New York City Dept Of Ed,Bronx,f,f,f,f,f,f,Ms.,f,f,Other,Applied Learning,,,Technology,highest poverty,Grades 6-8,,,,,584.00,712.20,0,0.00,0,f,f,completed,2002-09-20 00:00:00,2002-11-05 00:00:00,2003-01-16 00:00:00,2003-12-31 00:00:00
296944b1f7e70576cd8e4d9f7bc405c4,264f97cd7e9610c8fccb6926be8136b3,c82e2d4f022db77e2081206664e16f49,360008705139,40.858677000000000,-73.894691000000000,New York City,NY,10458,urban,New York City Dept Of Ed,Bronx,f,f,f,f,f,f,Ms.,f,f,Literacy,Literacy & Language,,,Books,highest poverty,Grades 3-5,,,,,469.00,571.95,0,469.00,1,f,f,completed,2002-09-20 00:00:00,2002-11-05 00:00:00,2003-02-11 00:00:00,2003-12-31 00:00:00
30b327919687a2d9508b297803740992,e50c2cf4d720709a34b01460ff550f14,6f9bc725dd84cef3e98eafe7cd4da88d,360008405119,40.813663000000000,-73.925957000000000,New York City,NY,10451,urban,New York City Dept Of Ed,Bronx,f,f,f,f,f,f,Mr.,t,f,Applied Sciences,Math & Science,,,Technology,highest poverty,Grades 6-8,,,,,585.00,713.41,0,619.08,2,f,f,completed,2002-09-20 00:00:00,2002-09-26 00:00:00,2004-01-28 00:00:00,2003-12-31 00:00:00
342a303da95ddb29757327ef2f34557c,14ffb3fe71cbb37d2506435b92283670,9d9c5218ac1e984a706b4cf49e8a674d,360009204890,40.685345000000000,-73.993539000000000,New York City,NY,11201,urban,New York City Dept Of Ed,Kings (Brooklyn),f,f,f,f,f,f,Mrs.,f,f,Literature & Writing,Literacy & Language,,,Books,highest poverty,Grades 6-8,,,,,269.00,328.05,0,273.55,2,f,f,completed,2002-09-20 00:00:00,2003-01-16 00:00:00,2003-03-28 00:00:00,2003-12-31 00:00:00
373025e143fadf7cea71d1a9186592ea,33353d9dfa2f8cfd4065ef1dbcef9f02,9f02d789a8ccd57ca92e0002d4711a05,360008603780,40.840446000000000,-73.904289000000000,New York City,NY,10457,urban,New York City Dept Of Ed,Bronx,f,f,f,f,f,f,Ms.,f,f,Literature & Writing,Literacy & Language,,,Books,highest poverty,Grades 3-5,,,,,468.00,570.73,0,539.00,1,f,f,completed,2002-09-20 00:00:00,2003-05-21 00:00:00,2003-07-17 00:00:00,2003-12-31 00:00:00
3d095d151bbed5e4939cb8bd6a424b2b,91787d3aceae16c9002b5fa88c037027,78f4d1aff0f887f59a914a7cb022edc0,360008402143,40.809286000000000,-73.917742000000000,New York City,NY,10454,urban,New York City Dept Of Ed,Bronx,f,f,f,f,f,f,Ms.,f,f,History & Geography,History & Civics,,,Supplies,highest poverty,Grades PreK-2,,,,,516.00,629.27,0,516.00,1,f,f,completed,2002-09-20 00:00:00,2002-10-09 00:00:00,2004-01-28 00:00:00,2003-12-31 00:00:00
4d02a3d8e739a8a780778c1430e8df65,1f39aaf2c1d7945084ada7350610b731,f0d8c5dc8f630c1251a75cde190ecdd2,,40.716898906750806,-73.985005240549981,New York City,NY,10002,,,New York (Manhattan),f,f,f,f,f,f,Ms.,f,f,Literacy,Literacy & Language,,,Books,highest poverty,Grades 3-5,,,,,412.00,502.44,0,453.20,1,f,f,completed,2002-09-20 00:00:00,2002-11-18 00:00:00,2003-02-27 00:00:00,2003-12-31 00:00:00
4d1427ab2602bd5e5051fbb2b996c71b,33353d9dfa2f8cfd4065ef1dbcef9f02,9f02d789a8ccd57ca92e0002d4711a05,360008603780,40.840446000000000,-73.904289000000000,New York City,NY,10457,urban,New York City Dept Of Ed,Bronx,f,f,f,f,f,f,Ms.,f,f,Early Development,Applied Learning,,,Supplies,highest poverty,Grades 3-5,,,,,367.00,447.56,0,403.70,1,f,f,completed,2002-09-20 00:00:00,2002-12-16 00:00:00,2003-02-28 00:00:00,2003-12-31 00:00:00
6d449ae05f0f8f111b18e1d06f6bcf64,9f2e4c151a81a8d58155ef6f2950e64b,d087aa10cb5268561214f69d31a788f5,360007802591,40.802670000000000,-73.965382000000000,New York City,NY,10025,urban,New York City Dept Of Ed,New York (Manhattan),f,f,f,f,f,f,Ms.,f,f,Early Development,Applied Learning,,,Trips,highest poverty,Grades PreK-2,,,,,978.00,1192.68,0,978.00,1,f,f,completed,2002-09-20 00:00:00,2002-11-07 00:00:00,2003-08-01 00:00:00,2003-06-01 00:00:00
72780b28ef2cb369ba72ae034d6219a1,4c0d3df73c93c1edc7dc771d0986d34f,ee8fa12a2188af26491d705f3d989ed2,360008300519,40.857704000000000,-73.922318000000000,New York City,NY,10034,urban,New York City Dept Of Ed,New York (Manhattan),f,f,f,f,f,f,Ms.,t,f,Literacy,Literacy & Language,,,Technology,highest poverty,Grades 3-5,,,,,357.00,435.37,0,357.00,1,f,f,completed,2002-09-20 00:00:00,2002-11-05 00:00:00,2003-02-13 00:00:00,2003-05-20 00:00:00
7c70ec36ea58e1d99152b1079c71b2cf,894c6be9598c47b25db8cda530b2068e,39d5d0d58c1c1fbc55197cbcf3cda367,360008703811,40.854233000000000,-73.913017000000000,New York City,NY,10453,urban,New York City Dept Of Ed,Bronx,f,f,f,f,f,f,Mr.,t,f,Literacy,Literacy & Language,,,Supplies,highest poverty,Grades 3-5,,,,,280.00,341.46,0,308.00,1,f,f,completed,2002-09-20 00:00:00,2002-11-05 00:00:00,2004-01-28 00:00:00,2003-05-20 00:00:00
8c5b05be4160e12f1cc47ed0fac1baa0,985073153180077ad5640624904db73d,ee8fa12a2188af26491d705f3d989ed2,360008300519,40.857704000000000,-73.922318000000000,New York City,NY,10034,urban,New York City Dept Of Ed,New York (Manhattan),f,f,f,f,f,f,Ms.,t,f,Literacy,Literacy & Language,,,Books,highest poverty,Grades 3-5,,,,,480.00,585.37,0,554.00,3,f,f,completed,2002-09-20 00:00:00,2003-04-07 00:00:00,2003-07-23 00:00:00,2003-12-31 00:00:00
998cc141728f6e1cf955ca5699867924,130a5447515c9c484d1924f36f302c0e,356d99580221ae5036342d8a720e9192,360007702468,40.710754000000000,-73.996806000000000,New York City,NY,10038,urban,New York City Dept Of Ed,New York (Manhattan),f,f,f,f,f,f,Ms.,f,f,Other,Applied Learning,,,Technology,highest poverty,Grades 3-5,,,,,137.00,167.07,0,137.00,1,f,f,completed,2002-09-20 00:00:00,2002-09-26 00:00:00,2002-11-18 00:00:00,2003-12-31 00:00:00
9a6f4fb43bf27ee1af4e675841d6dd23,5d11379c28c7a4103287d0b21b607ca0,60d87aa721f3a17c062891cf7fe1299c,360009003847,40.838261000000000,-73.866051000000000,New York City,NY,10460,urban,New York City Dept Of Ed,Bronx,f,f,f,f,f,f,Mrs.,f,f,Visual Arts,Music & The Arts,,,Supplies,highest poverty,Grades PreK-2,,,,,502.50,612.80,0,502.50,1,f,f,completed,2002-09-20 00:00:00,2002-09-20 00:00:00,2002-09-20 00:00:00,2003-12-31 00:00:00
9f815e17fa99927d8a8dea07139b4b6e,bb9451ffe8ef76852f4030238a73ac41,3c8d88feaa7e35e562a34831aefd99ee,360007805524,40.807725000000000,-73.955635000000000,New York City,NY,10027,urban,New York City Dept Of Ed,New York (Manhattan),f,f,f,f,f,f,Ms.,f,f,Environmental Science,Math & Science,,,Supplies,highest poverty,Grades PreK-2,,,,,56.00,68.29,0,61.60,1,f,f,completed,2002-09-20 00:00:00,2002-09-23 00:00:00,2002-12-19 00:00:00,2003-12-31 00:00:00
b2fb18fcd1b154a4dbd45e07beaba52d,33353d9dfa2f8cfd4065ef1dbcef9f02,9f02d789a8ccd57ca92e0002d4711a05,360008603780,40.840446000000000,-73.904289000000000,New York City,NY,10457,urban,New York City Dept Of Ed,Bronx,f,f,f,f,f,f,Ms.,f,f,Performing Arts,Music & The Arts,,,Technology,highest poverty,Grades 3-5,,,,,390.00,475.61,0,429.00,1,f,f,completed,2002-09-20 00:00:00,2003-01-22 00:00:00,2003-05-01 00:00:00,2003-12-31 00:00:00
d62fea282f3481fefc37497e52f473ba,182be9332d88c8882a558ab580e4bd7b,c9cb5323b9bfc2b513334f6cf0957e1b,360009804895,40.744177000000000,-73.933474000000000,New York City,NY,11101,urban,New York City Dept Of Ed,Queens,f,f,f,f,f,f,Mr.,f,f,College & Career Prep,Applied Learning,,,Trips,highest poverty,Grades 9-12,,,,,3300.00,4024.39,0,3300.00,1,f,f,completed,2002-09-23 00:00:00,2002-11-07 00:00:00,2003-07-08 00:00:00,2002-11-30 00:00:00
3de47c93c3e2f5924104eddd6a30f713,3cbc6ab1ee592e425cd6230a18fdcc43,17746a1cf95bd2e84932a271eeb42f8a,360008502479,40.817580000000000,-73.902302000000000,New York City,NY,10455,urban,New York City Dept Of Ed,Bronx,f,f,f,f,f,f,Ms.,t,f,Early Development,Applied Learning,,,Supplies,highest poverty,Grades PreK-2,,,,,64.00,78.05,0,70.40,1,f,f,completed,2002-09-23 00:00:00,2002-09-23 00:00:00,2003-02-13 00:00:00,2003-05-23 00:00:00
8154b46709eeadfc057976571eeb18a8,130a5447515c9c484d1924f36f302c0e,356d99580221ae5036342d8a720e9192,360007702468,40.710754000000000,-73.996806000000000,New York City,NY,10038,urban,New York City Dept Of Ed,New York (Manhattan),f,f,f,f,f,f,Ms.,f,f,Literacy,Literacy & Language,,,Books,highest poverty,Grades 3-5,,,,,132.00,160.98,0,145.20,1,f,f,completed,2002-09-23 00:00:00,2002-11-05 00:00:00,2002-12-20 00:00:00,2003-12-31 00:00:00
d5eee2d3d4c53422bbfd0136996d1160,ea051b4d920c88f218893ae77ebac8d7,a65b2441d4e3464354a9edfa2389e78f,360008301675,40.834900000000000,-73.941620000000000,New York City,NY,10032,urban,New York City Dept Of Ed,New York (Manhattan),f,f,f,f,f,f,Ms.,f,f,Health & Life Science,Math & Science,,,Trips,highest poverty,Grades PreK-2,,,,,121.50,148.17,0,133.00,1,f,f,completed,2002-09-24 00:00:00,,,2003-12-31 00:00:00
7df4a2214a407d49dd9bd10af041310f,7302eae81955c669e519b08d749eb0ac,989ada03d8e37eb0172b0ff23a1b2d91,360008603764,40.849148000000000,-73.915939000000000,New York City,NY,10453,urban,New York City Dept Of Ed,Bronx,f,f,f,f,f,f,Ms.,f,f,Health & Life Science,Math & Science,,,Trips,highest poverty,Grades PreK-2,,,,,850.00,1036.59,0,850.00,1,f,f,completed,2002-09-24 00:00:00,,,2003-12-31 00:00:00
e9c02df1e34c10ee999847c7fc53e174,7e2a6f127bab6b1e17ca11f2ab13d4ce,14349e3143014e8607d85ebf84ac1208,360007700692,40.709234000000000,-74.012177000000000,New York City,NY,10006,urban,New York City Dept Of Ed,New York (Manhattan),f,f,f,f,f,f,Mr.,f,f,Performing Arts,Music & The Arts,,,Supplies,highest poverty,Grades PreK-2,,,,,1510.00,1841.46,0,1510.00,1,f,f,completed,2002-09-24 00:00:00,2002-09-24 00:00:00,2002-09-24 00:00:00,2003-12-31 00:00:00
a80503b0d7fc797f16bffe578ad7a4a5,0bebe562cdbcf7b14a1dd5f9793a7fd4,5307fce11b85e6ca6618448b1a3a075d,360008501979,40.823649000000000,-73.859879000000000,New York City,NY,10473,urban,New York City Dept Of Ed,Bronx,f,f,f,f,f,f,Ms.,f,f,Mathematics,Math & Science,,,Supplies,highest poverty,Grades 3-5,,,,,143.00,174.39,0,157.00,1,f,f,completed,2002-09-25 00:00:00,2002-09-25 00:00:00,2002-12-16 00:00:00,2003-12-31 00:00:00
cfa24d78b70200c4a56331498b291599,2b6e71f317239196729820f00b90bbac,39ddbff0638271cd2eb7793af1c91237,360008105117,40.814840000000000,-73.945051000000000,New York City,NY,10030,urban,New York City Dept Of Ed,New York (Manhattan),f,f,f,f,f,f,Ms.,t,f,Other,Applied Learning,,,Other,highest poverty,Grades PreK-2,,,,,1.00,1.00,0,0.00,0,f,f,completed,2002-09-25 00:00:00,2002-09-25 00:00:00,2002-09-25 00:00:00,2003-05-25 00:00:00
28416394979155e1f6c54482ab103478,a2ce3653e329c81501f027601d9ee1bf,768dab263f87881fe7c68ffb3965df7c,360008302472,40.841216000000000,-73.938605000000000,New York City,NY,10032,urban,New York City Dept Of Ed,New York (Manhattan),f,f,f,f,f,f,Ms.,t,f,Literature & Writing,Literacy & Language,,,Supplies,highest poverty,Grades 3-5,,,,,2553.00,3113.41,0,453.00,2,f,f,completed,2002-09-26 00:00:00,2002-11-05 00:00:00,2003-04-11 00:00:00,2003-05-26 00:00:00
d3d01ce2d2fe7d9258b6fb29ad324573,d50acb530e26915da1b3cb3c343411e0,9957831761dc4013942aa6537115807f,360008302135,40.831422000000000,-73.942251000000000,New York City,NY,10032,urban,New York City Dept Of Ed,New York (Manhattan),f,f,f,f,f,f,Ms.,f,f,Environmental Science,Math & Science,,,Technology,highest poverty,Grades 3-5,,,,,220.00,268.29,0,242.00,1,f,f,completed,2002-09-26 00:00:00,2002-10-03 00:00:00,,2002-12-01 00:00:00
141bc978aabfb9841bec56aec41d5ba0,f5b82479a41ad3b6bd22ecbcfed2cc27,a6d1d00ff0050cf23fab4dc95a3e882b,360009505710,40.659228000000000,-73.942653000000000,New York City,NY,11203,urban,New York City Dept Of Ed,Kings (Brooklyn),f,f,f,f,f,f,Ms.,t,f,Literacy,Literacy & Language,,,Books,highest poverty,Grades 6-8,,,,,290.00,353.66,0,319.00,1,f,f,completed,2002-09-27 00:00:00,2002-11-15 00:00:00,2003-03-26 00:00:00,2003-06-27 00:00:00
b642454089cd6a6ae64dbb5d17aa856d,ba226b0912777a9407138de736a2a92a,39d5d0d58c1c1fbc55197cbcf3cda367,360008703811,40.854233000000000,-73.913017000000000,New York City,NY,10453,urban,New York City Dept Of Ed,Bronx,f,f,f,f,f,f,Mr.,t,f,Other,Applied Learning,,,Technology,highest poverty,Grades 3-5,,,,,419.00,510.98,0,419.00,1,f,f,completed,2002-09-27 00:00:00,2002-11-15 00:00:00,2003-07-09 00:00:00,2003-05-27 00:00:00
35ecbc1eec0bd1731c08cc30211d6891,59a365f35b41dd668130fd144e10d60b,9c7e5ceeabc970710da96e2bf8c61789,,40.836655000000000,-73.937113000000000,New York City,NY,10032,,,New York (Manhattan),f,f,f,f,f,f,Ms.,t,f,Literacy,Literacy & Language,,,Books,highest poverty,Grades 6-8,,,,,400.00,487.80,0,460.00,1,f,f,completed,2002-09-27 00:00:00,2002-11-08 00:00:00,2003-05-23 00:00:00,2003-05-27 00:00:00
c06d48d76af2fc224adaef931464bb5b,f345f1ff1b7e98ce3d4bf67b2517eddc,74069ee85f6d41fd039befcb64107b5f,360008604459,40.843352000000000,-73.920440000000000,New York City,NY,10452,urban,New York City Dept Of Ed,Bronx,f,f,f,f,f,f,Mrs.,f,f,Literacy,Literacy & Language,,,Supplies,highest poverty,Grades PreK-2,,,,,256.00,312.20,0,281.60,1,f,f,completed,2002-09-27 00:00:00,2002-10-15 00:00:00,2003-01-06 00:00:00,2003-05-27 00:00:00
d8f16a5c50839e79e71bab1bd0a9fbd5,55c29624cdb74469ff2e3db06eaa10a1,a1f8fe910e5e84d203b5c35ba09b7120,360008602048,40.830879000000000,-73.901871000000000,New York City,NY,10456,urban,New York City Dept Of Ed,Bronx,f,f,f,t,f,f,Mr.,f,f,Parent Involvement,Applied Learning,,,Supplies,highest poverty,Grades PreK-2,,,,,175.00,213.41,0,175.00,1,f,f,completed,2002-09-27 00:00:00,2002-10-09 00:00:00,2003-07-31 00:00:00,2003-05-27 00:00:00
35c9a3f9be6939714a37625a99c051f9,532b9c9d48c47490043bf30b17ff37c9,ffc02864027fbfb30bec6985eb37e0a6,360011903078,40.712029000000000,-73.939696000000000,New York City,NY,11211,urban,New York City Dept Of Ed,Kings (Brooklyn),f,f,f,f,f,f,Mrs.,f,f,Applied Sciences,Math & Science,,,Trips,highest poverty,Grades 9-12,,,,,354.00,431.71,0,389.00,1,f,f,completed,2002-09-30 00:00:00,2002-09-30 00:00:00,2002-12-18 00:00:00,2003-12-31 00:00:00
b72f115997a2c9e0170434c80ff432ea,3d330260ba6beef26af4ee0e4d9c15af,fd75f7ad9c5a6bcc063abfe5d348ba36,360007703348,40.765517000000000,-73.960090000000000,New York City,NY,10065,,New York City Dept Of Ed,New York (Manhattan),f,f,f,f,f,f,Ms.,f,f,Environmental Science,Math & Science,,,Technology,high poverty,Grades 9-12,,,,,1760.00,2146.34,0,1760.00,1,f,f,completed,2002-09-30 00:00:00,2002-09-30 00:00:00,2003-01-27 00:00:00,2003-12-31 00:00:00
54fa04b2847816976f902458b08d5e7b,d95027f78b5d65a7446b1dae7167f786,fd991cfd44e40724fbcdb4ca53ceacdd,360008300551,40.850606000000000,-73.934611000000000,New York City,NY,10033,urban,New York City Dept Of Ed,New York (Manhattan),f,f,f,f,f,f,Mr.,t,f,Environmental Science,Math & Science,,,Supplies,highest poverty,Grades 6-8,,,,,1680.00,2048.78,0,0.00,0,f,f,completed,2002-10-01 00:00:00,2002-10-01 00:00:00,2004-02-04 00:00:00,2003-12-31 00:00:00
d25a9bd2a7864fffd9e0725e798ee987,21d7778ccd07d8a25d8e313625018659,84c4eafee230f1fad1ac87ab4d4a0c55,360008605561,40.830879000000000,-73.901871000000000,New York City,NY,10456,urban,Integrated Curriculum And Instruction Learning Support Organization,Bronx,f,f,f,f,f,f,Ms.,f,f,Early Development,Applied Learning,,,Supplies,highest poverty,Grades 3-5,,,,,780.00,951.22,0,780.00,1,f,f,completed,2002-10-01 00:00:00,2002-11-07 00:00:00,,2003-06-01 00:00:00
6414ba105ec34124b079204d0ce9de4c,3cce5b8409030a191d03a64fe609c21e,5e4af81adba8db885dc6879c34cd5a57,360008602232,40.832818000000000,-73.911691000000000,New York City,NY,10456,urban,New York City Dept Of Ed,Bronx,f,f,f,f,f,f,Ms.,t,f,Literacy,Literacy & Language,,,Supplies,moderate poverty,Grades PreK-2,,,,,222.00,270.73,0,222.00,1,f,f,completed,2002-10-01 00:00:00,2002-10-03 00:00:00,2003-02-04 00:00:00,2003-06-27 00:00:00
a79c7b0bcf419e63c0689f6cd6260c7f,7c00c7aa5076d53b689234bedc6f5285,37d22fce0ce4184a2c5d730c8879fad5,360008604355,40.852539633478088,-73.921463990701355,New York City,NY,10453,urban,New York City Dept Of Ed,Bronx,f,f,f,f,f,f,Mr.,f,f,Literacy,Literacy & Language,,,Technology,highest poverty,Grades 3-5,,,,,383.00,467.07,0,440.00,1,f,f,completed,2002-10-01 00:00:00,2003-03-03 00:00:00,2003-07-16 00:00:00,2003-06-28 00:00:00
c37a961133e4b341ef0ae36ea9e30a87,84fd42b69d0db5710f09905939b366fe,5e4af81adba8db885dc6879c34cd5a57,360008602232,40.832818000000000,-73.911691000000000,New York City,NY,10456,urban,New York City Dept Of Ed,Bronx,f,f,f,f,f,f,Ms.,f,f,Literacy,Literacy & Language,,,Supplies,moderate poverty,Grades PreK-2,,,,,340.00,414.63,0,374.00,1,f,f,completed,2002-10-03 00:00:00,2002-10-03 00:00:00,2002-10-03 00:00:00,2003-12-31 00:00:00
00cef9e0f9af5320c1401879cb7f25ee,350f0c27b7c82a4bbd65ca7bf79b5055,5e4af81adba8db885dc6879c34cd5a57,360008602232,40.832818000000000,-73.911691000000000,New York City,NY,10456,urban,New York City Dept Of Ed,Bronx,f,f,f,f,f,f,Ms.,t,f,Literature & Writing,Literacy & Language,,,Books,moderate poverty,Grades 3-5,,,,,442.00,539.02,0,442.00,1,f,f,completed,2002-10-03 00:00:00,2002-10-03 00:00:00,2003-01-29 00:00:00,2003-12-31 00:00:00
d1cab3f603496b24f25ca2fda6207908,6693617cc48e2aa963b6d9a7bf777420,8c9ab8c021074381647582e111507219,,40.826957159941806,-73.892217120675355,New York City,NY,10459,,,Bronx,f,f,f,f,f,f,Mr.,f,f,Social Sciences,History & Civics,,,Technology,low poverty,Grades 9-12,,,,,390.00,475.61,0,399.00,4,f,f,completed,2002-10-03 00:00:00,2002-10-03 00:00:00,2002-12-19 00:00:00,2003-12-31 00:00:00
0265ac69e5c681338e5595e8c316c168,2d718e9f402b8044af9310cef0bebb3b,1ae4695be589a36816188e2b301a0395,360007700585,40.765517000000000,-73.960090000000000,New York City,NY,10065,,New York City Dept Of Ed,New York (Manhattan),f,f,f,f,f,f,Ms.,f,f,Other,Applied Learning,,,Technology,highest poverty,Grades 9-12,,,,,520.00,634.15,0,572.00,1,f,f,completed,2002-10-03 00:00:00,2002-10-03 00:00:00,2003-01-16 00:00:00,2003-12-31 00:00:00
d1cf58af5ca7540087a550522b77c10d,b218f64064e174657336d229e2231962,52835c082f36edc0c90aff0c11a2e9b3,360007902605,40.792306000000000,-73.952037000000000,New York City,NY,10029,urban,New York City Dept Of Ed,New York (Manhattan),f,f,f,f,f,f,Ms.,f,f,Environmental Science,Math & Science,,,Trips,highest poverty,Grades 3-5,,,,,370.00,451.22,0,407.00,1,f,f,completed,2002-10-03 00:00:00,2002-12-07 00:00:00,2002-12-07 00:00:00,2003-12-31 00:00:00
a6c1352e7f10d3403708f0af3f2e058d,1721969ce0202a333c659611021b59e9,25a6916107edd02ef794718deda02ba2,360011902467,40.719657000000000,-73.948446000000000,New York City,NY,11222,urban,New York City Dept Of Ed,Kings (Brooklyn),f,t,f,f,f,f,Ms.,t,f,Team Sports,Health & Sports,,,Supplies,highest poverty,Grades 6-8,,,,,95.00,115.85,0,104.00,1,f,f,completed,2002-10-03 00:00:00,2002-10-03 00:00:00,2003-01-06 00:00:00,2003-12-31 00:00:00
f3ff116cdd240e82546b0f6f6e0b6502,350f0c27b7c82a4bbd65ca7bf79b5055,5e4af81adba8db885dc6879c34cd5a57,360008602232,40.832818000000000,-73.911691000000000,New York City,NY,10456,urban,New York City Dept Of Ed,Bronx,f,f,f,f,f,f,Ms.,t,f,Early Development,Applied Learning,,,Technology,moderate poverty,Grades 3-5,,,,,385.00,469.51,0,385.00,1,f,f,completed,2002-10-03 00:00:00,2002-10-03 00:00:00,2003-01-29 00:00:00,2003-12-31 00:00:00
f4a27a5e375c9a496672f82cba56ae95,5955995b38eba124a51b401f60ed9eea,5c5c444dd1bf31c3bdbcf4825a28e17f,360007705566,40.768254000000000,-73.988978000000000,New York City,NY,10019,urban,Empowerment Support Organization,New York (Manhattan),f,f,f,f,f,f,Ms.,f,f,Early Development,Applied Learning,,,Technology,highest poverty,Grades 9-12,,,,,2700.00,3292.68,0,2970.00,1,f,f,completed,2002-10-03 00:00:00,2002-10-03 00:00:00,2003-01-06 00:00:00,2003-12-31 00:00:00
fb4974b62ab1375b088e3a53835a3189,350f0c27b7c82a4bbd65ca7bf79b5055,5e4af81adba8db885dc6879c34cd5a57,360008602232,40.832818000000000,-73.911691000000000,New York City,NY,10456,urban,New York City Dept Of Ed,Bronx,f,f,f,f,f,f,Ms.,t,f,Early Development,Applied Learning,,,Technology,moderate poverty,Grades 3-5,,,,,330.00,402.44,0,330.00,1,f,f,completed,2002-10-03 00:00:00,2002-10-03 00:00:00,2003-01-29 00:00:00,2003-12-31 00:00:00
8e153706e33f0b3b432824fd1ec7cb39,1d63eeee16c775aa134747e538090b18,b7f0c5ace501a3995e914391f9456c3c,360008302658,40.821114000000000,-73.951914000000000,New York City,NY,10031,urban,New York City Dept Of Ed,New York (Manhattan),f,f,f,f,f,f,Mr.,f,t,Performing Arts,Music & The Arts,,,Trips,highest poverty,Grades 3-5,,,,,460.00,560.98,0,460.00,1,f,f,completed,2002-10-08 00:00:00,2002-10-16 00:00:00,2003-01-16 00:00:00,2002-10-27 00:00:00
cf5478155b66ef0e29a272ed2b4c275f,21a5742d5e6196ed64fae769c25c93ba,04f3cfd15642f95e296751a568089a9a,,40.804859000000000,-73.953697000000000,New York City,NY,10026,,,New York (Manhattan),t,f,f,f,f,f,Ms.,f,f,Early Development,Applied Learning,,,Other,highest poverty,Grades 3-5,,,,,471.49,574.99,0,471.49,1,f,f,completed,2002-10-08 00:00:00,2002-11-07 00:00:00,2003-05-01 00:00:00,2003-06-08 00:00:00
860f85043cc1a5dd7ff07484bb512dc3,25b477eb4e4defa1e4427e4bcf97ff90,59806e587af7e2c1eec899fc65b94796,360008701940,40.879883000000000,-73.888962000000000,New York City,NY,10468,urban,New York City Dept Of Ed,Bronx,f,f,f,f,f,f,Ms.,f,f,College & Career Prep,Applied Learning,,,Technology,highest poverty,Grades 9-12,,,,,2237.00,2728.05,0,2237.00,1,f,f,completed,2002-10-09 00:00:00,2002-11-07 00:00:00,2003-01-16 00:00:00,2003-06-09 00:00:00
da2651b8847dcfc677d5318ee1a48ec1,00268bcb3aee56eb35397e856efb3be4,906db3b4864f6502bea0392909d27afe,360009202041,40.649203000000000,-74.012325000000000,New York City,NY,11220,urban,New York City Dept Of Ed,Kings (Brooklyn),f,f,f,f,f,f,Ms.,f,f,Early Development,Applied Learning,,,Technology,highest poverty,Grades 3-5,,,,,229.00,279.27,0,251.90,1,f,f,completed,2002-10-09 00:00:00,2003-01-02 00:00:00,2003-05-21 00:00:00,2003-06-09 00:00:00
88360ec7569fc478e75b3a328b59a9c6,6c4c15b40e40faf55462973dd3962dbc,39d5d0d58c1c1fbc55197cbcf3cda367,360008703811,40.854233000000000,-73.913017000000000,New York City,NY,10453,urban,New York City Dept Of Ed,Bronx,f,f,f,f,f,f,Ms.,f,f,Environmental Science,Math & Science,,,Supplies,highest poverty,Grades 6-8,,,,,580.23,707.60,0,580.23,1,f,f,completed,2002-10-09 00:00:00,2002-11-05 00:00:00,2004-01-28 00:00:00,2003-06-09 00:00:00
98171c797f0fb4c9c2b1a9382334a5ba,00268bcb3aee56eb35397e856efb3be4,906db3b4864f6502bea0392909d27afe,360009202041,40.649203000000000,-74.012325000000000,New York City,NY,11220,urban,New York City Dept Of Ed,Kings (Brooklyn),f,f,f,f,f,f,Ms.,f,f,Mathematics,Math & Science,,,Technology,highest poverty,Grades 3-5,,,,,300.00,365.85,0,300.00,2,f,f,completed,2002-10-09 00:00:00,2002-12-11 00:00:00,2003-05-21 00:00:00,2003-06-09 00:00:00
acf228090fd7e7459e7597f4c40fea0d,672bfbc2e05e5818b22398b4fd1ce9e7,cabcc3ed826056c3969a8a99c5aeeaf6,360008502463,40.829224000000000,-73.856899000000000,New York City,NY,10472,urban,New York City Dept Of Ed,Bronx,f,f,f,f,f,f,Mr.,f,f,Mathematics,Math & Science,,,Technology,highest poverty,Grades 9-12,,,,,478.00,582.93,0,525.80,1,f,f,completed,2002-10-09 00:00:00,2003-01-25 00:00:00,2003-04-22 00:00:00,2003-06-09 00:00:00
dcea0a02f686816999b604a4be6b52a7,7467cc0f7b04b8b7ddb5617c65e354d4,9957831761dc4013942aa6537115807f,360008302135,40.831422000000000,-73.942251000000000,New York City,NY,10032,urban,New York City Dept Of Ed,New York (Manhattan),f,f,f,f,f,f,Mrs.,f,f,Literature & Writing,Literacy & Language,,,Books,highest poverty,Grades 3-5,,,,,1400.00,1707.32,0,0.00,0,f,f,completed,2002-10-10 00:00:00,2002-10-10 00:00:00,2003-01-06 00:00:00,2003-12-31 00:00:00
58faaff5aa8b6f4dc24ad68cb99031d6,ba226b0912777a9407138de736a2a92a,39d5d0d58c1c1fbc55197cbcf3cda367,360008703811,40.854233000000000,-73.913017000000000,New York City,NY,10453,urban,New York City Dept Of Ed,Bronx,f,f,f,f,f,f,Mr.,t,f,Literacy,Literacy & Language,,,Supplies,highest poverty,Grades 3-5,,,,,393.00,479.27,0,412.09,5,f,f,completed,2002-10-10 00:00:00,2003-01-06 00:00:00,2003-08-11 00:00:00,2003-06-10 00:00:00
4e5b09e7c43a7b42d262e74787235b41,acd4f1b0b4b698c27adc1828d0d3f77d,6ce9abf9e57097d6b9423f973cfaceb6,360008702067,40.857103000000000,-73.899451000000000,New York City,NY,10458,urban,New York City Dept Of Ed,Bronx,f,f,f,f,f,f,Ms.,f,t,Other,Applied Learning,,,Technology,highest poverty,Grades 3-5,,,,,286.00,348.78,0,286.00,1,f,f,completed,2002-10-11 00:00:00,2002-10-11 00:00:00,2002-12-19 00:00:00,2003-12-31 00:00:00
61f24b9c87f723424fd7ae18826f3861,ded4b1235dbdaedeb157c38621fcebdc,8c9ab8c021074381647582e111507219,,40.826957159941806,-73.892217120675355,New York City,NY,10459,,,Bronx,f,f,f,f,f,f,Ms.,f,f,Extracurricular,Applied Learning,,,Supplies,low poverty,Grades 9-12,,,,,528.00,643.90,0,528.00,1,f,f,completed,2002-10-11 00:00:00,2002-11-07 00:00:00,2003-01-16 00:00:00,2003-06-25 00:00:00
e6fdbb5036e04b81cb06c1e0b76f987e,806a0a04e725ed409d1bbba49652ab3b,07e7773a5b5a3fbbe0ecac8ae1e994d2,360008704464,40.865967000000000,-73.895294000000000,New York City,NY,10468,urban,New York City Dept Of Ed,Bronx,f,f,f,f,f,f,Ms.,f,f,Literacy,Literacy & Language,,,Technology,highest poverty,Grades 6-8,,,,,277.12,337.95,0,0.00,0,f,f,completed,2002-10-15 00:00:00,2002-11-07 00:00:00,2004-01-26 00:00:00,2003-06-15 00:00:00
07d573a67880986ede29105e0bad8e87,894c6be9598c47b25db8cda530b2068e,39d5d0d58c1c1fbc55197cbcf3cda367,360008703811,40.854233000000000,-73.913017000000000,New York City,NY,10453,urban,New York City Dept Of Ed,Bronx,f,f,f,f,f,f,Mr.,t,f,Literacy,Literacy & Language,,,Technology,highest poverty,Grades 3-5,,,,,286.00,348.78,0,286.00,1,f,f,completed,2002-10-15 00:00:00,2002-11-18 00:00:00,2003-08-28 00:00:00,2003-06-15 00:00:00
